speaker,gender,vowel,f0,f1,f2,f3,quality
david_madore,m,1,158.856851911147,256.035129984943,2029.07460109799,3221.91387914083,ok
david_madore,m,2,133.031633894167,424.821160912899,2095.77518670066,2818.69260313685,ok
david_madore,m,3,122.943483917044,607.315921008519,2030.74642071871,2472.33037408324,ok
david_madore,m,4,126.642194863713,910.33667305977,1580.31630338626,2499.38604423389,ok
david_madore,m,5,126.288930483551,463.127397370303,802.691325498084,2430.12401859009,ok
david_madore,m,6,124.1779538365,477.0299827286,1029.6357799606,2729.0667030587,ok
david_madore,m,7,130.240568112,362.590887618613,824.10479184509,2500.1,ok
david_madore,m,8,155.6813745158,250,550,2000,ok
david_madore,m,9,141.837992882485,281.345507979187,1650.91358684438,1996.71082357542,ok
david_madore,m,10,132.716635768245,375.203368932863,1722.3212716877,2287.69188038895,ok
david_madore,m,11,131.175431976317,559.569229625547,1531.70909064138,2155.00693399144,ok
david_madore,m,12,120.001932657669,694.737767614085,1280.99058411099,2145.3654149713,ok
david_madore,m,13,125.0589482587,523.73865816558,756.773223702304,2729.40265122189,ok
david_madore,m,14,128.8519546034,633.220867894948,1312.66020554686,2518.97477781969,ok
david_madore,m,15,131.66182663576,460.158291670096,1617.70069910825,2190.41794680898,ok
david_madore,m,16,156.45504414084,323.771444108179,1565.11871259936,2478.3851755434,ok
david_madore,m,17,151.960550693134,261.045031674955,1765.37112161349,2034.46025207607,ok
david_madore,m,18,153.311255808315,253.701593750838,1392.86480314124,1789.853312503,ok
wikipedia,m,1,140.789486878019,257.781823303145,2470.35485209793,3260.12582461178,ok
wikipedia,m,2,119.742952448134,360.123201042198,2482.42750268361,2882.28107863908,ok
wikipedia,m,3,155.235149263216,573.947181703192,1900.0562301414,2688.79304466957,ok
wikipedia,m,4,122.817085204612,878.428396053995,1330.64238159385,2585.90725331965,ok
wikipedia,m,5,109.175930910364,768.919107922942,1237.2033040121,2555.6253377077,ok
wikipedia,m,6,139.884781021,454.079141852888,616.408981185267,2751.7662469061,ok
wikipedia,m,7,124.4952472602,362.929028302313,657.077475003905,2805.5499638558,ok
wikipedia,m,8,140.7820861156,230,600,2300,ok
wikipedia,m,9,135.081810777199,281.345507979187,1650.91358684438,1996.71082357542,ok
wikipedia,m,10,132.221995963505,408.623667559364,1639.71761594863,2101.01443714041,ok
wikipedia,m,11,146.327406032897,469.627264103742,1580.46972432122,2431.62561860512,ok
wikipedia,m,12,115.27641159241,564.807045678998,1200.08456236277,2253.13572110232,ok
wikipedia,m,13,156.787457446799,534.706827972421,683.444319163638,2501.33363474302,ok
wikipedia,m,14,149.882489196962,643.351922694034,1306.87232709374,2605.28678323919,ok
wikipedia,m,15,124.772728713148,378.531339143835,1330.67057154901,2634.57076559107,ok
wikipedia,m,16,128.390433031577,326.373625034305,1120.63250511543,2783.2788632949,ok
wikipedia,m,17,144.649485731822,282.980592058807,1715.29792941186,2699.06596642023,ok
wikipedia,m,18,151.099246718613,276.952042394854,1211.30700980093,2412.43763411817,ok
wikipedia,m,19,117.319023217362,377.032723639735,2092.97638054442,2607.60208419707,ok
wikipedia,m,20,128.890587248113,371.064032467401,1590.50382664899,2153.99024008043,ok
wikipedia,m,21,143.440248008715,422.30928702586,1004.51079271457,2704.80368733151,ok
wikipedia,m,22,119.320546723702,327.568292976273,1512.65611907414,2654.53948775108,ok
wikipedia,m,23,140.751663654038,397.758195168973,845.727976264459,2450.84542035396,ok
wikipedia,m,24,117.488666665951,538.369736481046,1198.14161804959,2574.03757348885,ok
wikipedia,m,25,132.330877928841,627.974963640225,1474.68562538137,2599.26616375663,ok
wikipedia,m,26,127.885045751806,411.340719531678,1236.9656065629,2375.28199736146,ok
wikipedia,m,27,125.251456995057,699.853048991232,1825.72029662941,2538.69299466228,ok
wikipedia,m,28,156.427034799342,677.747905365393,1244.68996926093,2597.06838784105,ok
dan_lenard,m,1,149.245524757482,309.5878554691,2416.89193454757,2889.65641275577,ok
dan_lenard,m,2,130.706070044971,579.177118899467,2110.45435054276,2627.85463905037,ok
dan_lenard,m,3,113.968511471298,586.299313279965,1669.15040978835,2336.04155842941,ok
dan_lenard,m,4,126.710660458779,793.13813539641,1377.74915575799,2379.17444216635,ok
dan_lenard,m,5,119.92683547471,697.478541734268,1099.61774763898,2561.68423450364,ok
dan_lenard,m,6,140.0316893724,524.3917893555,680.7742740713,2692.966870824,ok
dan_lenard,m,8,142.9666758724,323.9600013898,753.4732585646,2205.5938353098,ok
dan_lenard,m,9,129.429441799243,292.016133455059,1593.6278540654,2440.4431720992,ok
dan_lenard,m,10,141.456871790139,469.685699436243,1506.10846115212,2297.86338903675,ok
dan_lenard,m,11,112.752835187089,441.814217980172,1558.25977025716,2164.96583669941,ok
dan_lenard,m,13,121.7777029264,545.658852540383,680.250386685218,2789.88917141428,ok
dan_lenard,m,14,143.226202659595,793.512541977961,1260.90226882069,2259.16600225013,ok
dan_lenard,m,15,135.410588578374,445.559179649379,1357.95230831053,2378.58226264228,ok
dan_lenard,m,16,132.38312078719,345.376343621241,1062.49935895413,2826.75424233321,ok
dan_lenard,m,17,144.944238528408,257.283600100614,1772.07789021059,2471.29659593031,ok
dan_lenard,m,18,134.636037029123,284.209060983886,1225.76899703502,1971.8030051869,ok
dan_lenard,m,19,114.411926924965,414.281768991748,1794.79568473625,2391.23027648177,ok
dan_lenard,m,20,135.954407219004,399.083163024577,1355.60285419905,2299.42955584505,ok
dan_lenard,m,21,125.789214802262,457.990958948849,1129.78642504766,2339.92270662121,ok
dan_lenard,m,22,128.86063296301,382.929883117248,1545.79806899363,2706.97311106647,ok
dan_lenard,m,23,139.126725669366,435.571626352689,951.472847129993,2428.4473156924,ok
dan_lenard,m,24,125.432907201822,521.251420305596,1226.03730934395,2377.43985870127,ok
dan_lenard,m,25,113.172455664667,686.805514228066,1452.81121037407,2476.08375498309,ok
dan_lenard,m,26,120.209977583311,485.750242226716,1242.73653749027,2235.92274622,ok
dan_lenard,m,27,138.020642298453,648.949669651244,1823.13809304868,2379.99304164258,ok
dan_lenard,m,28,118.649812895195,777.468723698655,1299.09692522941,2365.72674936322,ok
macquarie_university,m,1,109.857379491262,314.737243052076,2374.8958228358,3369.89029212772,ok
macquarie_university,m,2,107.416196009853,323.368010349512,2298.08079176204,2973.11288743289,ok
macquarie_university,m,3,105.960191425236,629.288053695324,2105.9062176011,2908.55230247129,ok
macquarie_university,m,4,105.133276260893,719.539236391899,1631.81617262548,2673.26768248349,ok
macquarie_university,m,5,105.908660660992,383.892891215182,869.719066633702,2802.73383022104,ok
macquarie_university,m,6,107.7251631537,359.0633790449,727.057652246,2709.3242671529,ok
macquarie_university,m,7,107.3399186017,317.163799265,581.0115983507,2679.5585281666,ok
macquarie_university,m,8,111.9194245819,275.3415420688,495.4991745486,2300,ok
macquarie_university,m,9,117.06453960715,264.546769187215,2139.30742598015,2406.48811775817,ok
macquarie_university,m,10,111.579993406452,332.40945161741,1995.15434687976,2365.13926575021,ok
macquarie_university,m,16,119.115564298137,267.173950077182,1282.20861618614,2142.0955611981,ok
uni_sheffield_female,f,1,264.028973037788,272.406372455993,2722.73898463318,3995.97947002687,ok
uni_sheffield_female,f,2,262.130846419421,503.775284136748,2378.20999701459,2901.39723781826,ok
uni_sheffield_female,f,3,255.626757513705,647.647747811536,2179.83505781056,2775.51738710408,ok
uni_sheffield_female,f,4,250.171306143018,942.430888168954,1790.83013592901,3048.18647665694,ok
uni_sheffield_female,f,7,263.0174731462,352.6914862312,562.8851581896,2747.0667407114,ok
uni_sheffield_female,f,8,267.2523225127,272.3126443203,689.4409241664,2391.6845199609,ok
uni_sheffield_female,f,9,270.11265770237,283.05427095774,2449.34666356324,2775.99218202937,ok
uni_sheffield_female,f,10,264.872730976042,517.394251244629,1738.92536870642,2601.64056883876,ok
uni_sheffield_female,f,11,263.136409250794,642.855836856925,1689.63851227269,2576.48341645498,ok
uni_sheffield_female,f,12,263.719270724658,672.656564836904,1570.88128383387,2624.25944346515,ok
uni_sheffield_female,f,13,257.158326058113,471.154622729787,814.408473418815,2883.76199319737,ok
uni_sheffield_female,f,14,261.304469392044,742.899493698304,1051.32707376452,2842.79965846224,ok
uni_sheffield_female,f,15,261.377049984084,587.869498170358,1581.54343383706,2886.21173932955,ok
uni_sheffield_female,f,24,220.08716404413,601.740594409165,1619.22475244252,2709.2427719709,ok
uni_sheffield_female,f,27,232.313499690603,971.172875600153,1731.57919050843,2568.40222334779,ok
uni_sheffield_male,m,1,133.843119454501,271.527267969761,2298.88651652015,3182.03906469408,ok
uni_sheffield_male,m,2,130.040501686436,360.345769714992,2215.84501907476,2916.41094039262,ok
uni_sheffield_male,m,3,130.579715375253,594.105217969845,1699.01064776931,2522.4698023442,ok
uni_sheffield_male,m,4,129.645830966741,579.113243939283,1195.075637535,2453.93402575141,ok
uni_sheffield_male,m,5,113.699239262681,541.24324871255,729.538037710525,2774.89450578446,ok
uni_sheffield_male,m,6,116.1979859252,387.5235719626,589.6453756024,2676.3610480163,ok
uni_sheffield_male,m,7,120.5380353738,350.1305732996,531.302169015,2423.5728083648,ok
uni_sheffield_male,m,8,123.8614204218,270,550,2150,ok
uni_sheffield_male,m,9,133.137947718256,230.026694259332,1864.04735562309,2849.58269683705,ok
uni_sheffield_male,m,10,127.757919563796,349.911748882682,1614.78877841913,2282.6303514229,ok
uni_sheffield_male,m,11,127.111912165513,434.765736089758,1248.06230552589,1986.44838390563,ok
uni_sheffield_male,m,12,123.756965368639,490.90624780099,1091.95636773477,2264.74105718897,ok
uni_sheffield_male,m,13,123.366782332339,587.745558740907,896.202326026855,2809.57419010744,ok
uni_sheffield_male,m,14,116.849906633401,597.998856766882,1030.46092882831,2065.97803507822,ok
uni_sheffield_male,m,15,123.640842056304,420.268295663633,1451.91159156025,1938.29959590002,ok
uni_sheffield_male,m,16,124.569804510001,322.422456693515,1790.10829513531,3257.6353270857,ok
uni_sheffield_male,m,24,131.499925948016,499.354771501627,1280.49846821239,2476.8335180444,ok
uni_sheffield_male,m,27,132.634160564618,746.470380945711,1518.00442343465,2132.17284445492,ok
daniel_jones,m,1,178.0775548873,264.031615335862,2393.6759444449,3416.18361444722,ok
daniel_jones,m,2,175.768031095046,356.476958180297,2146.85345140328,2558.93037815093,ok
daniel_jones,m,3,174.812266386479,524.996540765234,1978.78543015862,2279.07708484116,ok
daniel_jones,m,4,175.48192156553,879.010792873503,1678.23081203289,2437.66534043836,ok
daniel_jones,m,5,176.381651505123,599.718481120497,906.703127083604,2394.20214993697,ok
daniel_jones,m,6,173.5817953088,526.3988890983,896.9101873059,2183.5293864478,ok
daniel_jones,m,7,174.7846109231,391.0156507839,721.9514725279,2367.6050920163,ok
daniel_jones,m,8,178.5967381186,300,500,2320,ok
daniel_jones,m,9,175.750844452783,258.243322648583,2228.07341663367,2828.3589382544,ok
daniel_jones,m,10,176.438563254557,353.672565212337,1784.64880612137,2250.6143626553,ok
daniel_jones,m,11,169.801014937705,524.653685383072,1468.28668743445,2055.10893924044,ok
daniel_jones,m,12,174.208672621981,671.429944117498,1209.17890932086,1877.49087298938,ok
daniel_jones,m,13,175.554869562322,678.064722873944,885.319159891072,2674.8385977958,ok
daniel_jones,m,14,173.903594561806,529.337305286782,1034.70090364025,2591.88309876035,ok
daniel_jones,m,15,171.456207374281,472.388287920044,1091.3036472477,2305.52309296689,ok
daniel_jones,m,16,177.18754955195,305.046950939712,1198.5105271834,2524.62969432764,ok
daniel_jones,m,17,173.897261386156,287.670370364254,2033.62855342719,2563.70692166736,ok
daniel_jones,m,18,179.443665326782,260.594953480512,1639.00871336997,2090.3127132617,ok
uni_victoria,m,1,135.0512196756,255.063873104071,2521.98508987138,3429.96271784044,ok
uni_victoria,m,2,120.641802931768,437.194386126863,2345.33429989952,3095.9573018059,ok
uni_victoria,m,3,123.395510401875,779.229869888513,1809.97348121453,2523.72134681229,ok
uni_victoria,m,4,116.298346034132,963.46373304667,1507.25304198887,2600.93672840717,ok
uni_victoria,m,5,113.183033277263,755.592111625811,1249.70023426073,2591.97287005867,ok
uni_victoria,m,6,110.3699409721,611.911955782873,855.420660460494,2489.3956002255,ok
uni_victoria,m,7,113.8329545616,427.849121609198,781.752540621997,2670.763665707,ok
uni_victoria,m,8,123.1787900179,280,600,2441.87467275945,na oko
uni_victoria,m,9,132.383254594994,262.229696105692,1747.9952374668,2051.47207566647,ok
uni_victoria,m,10,125.118289368517,353.268930971327,1480.19120758325,2388.33556968372,ok
uni_victoria,m,11,114.332795930599,450.722283839933,1405.87480044109,2382.32262874829,ok
uni_victoria,m,12,115.641640978566,581.790581671451,1510.44388578987,2508.03685169371,ok
uni_victoria,m,13,104.613452353118,580.556601703042,767.48045978645,2619.47610848923,ok
uni_victoria,m,14,113.238586395136,639.513677953588,1301.96057231305,2449.45724598123,ok
uni_victoria,m,16,138.228987646548,344.013809981176,1676.09751992671,2628.92109635053,ok
uni_victoria,m,17,123.643627630812,343.335753607219,1896.47794115832,2579.14262359748,ok
uni_victoria,m,18,127.950636662452,279.823581302178,1784.04430081046,2125.8977466599,ok
uni_victoria,m,19,109.657246145527,389.120795915212,2016.38594788691,2635.90145369142,ok
uni_victoria,m,20,115.555305370015,277.023188635019,1761.63765730174,2086.67632166726,ok
uni_victoria,m,21,118.383604973987,364.006051080694,762.385528469169,2149.76834755802,ok
uni_victoria,m,22,121.943734529601,408.038243016338,2132.73552135302,2625.17425341657,ok
uni_victoria,m,23,113.583585344169,384.194225898082,949.261824187701,1965.78750521213,ok
uni_victoria,m,24,110.427045952781,561.895649935493,1190.42676040793,2364.48677011399,ok
uni_victoria,m,25,112.895795160179,636.412654500368,1554.44026751102,2897.52831016764,ok
uni_victoria,m,26,116.14660125453,496.845932889604,757.282570228753,2074.86160668775,ok
uni_victoria,m,27,110.230639877479,883.056204133821,1551.61344465631,2689.11617718613,ok
uni_victoria,m,28,106.785329924622,785.372140000824,1224.9199387845,2683.7375081367,ok
john_wells,m,1,138.147993750359,263.147254642199,2076.25299745254,3391.03068739447,ok
john_wells,m,2,121.844734967584,404.067810181147,1995.92727749676,2595.2152243239,ok
john_wells,m,3,129.785569921341,633.497344404071,1704.56015117716,2443.8145405983,ok
john_wells,m,4,128.288101458523,996.404790822926,1448.94181211976,2373.21292306912,ok
john_wells,m,5,129.736954692676,530.894723041031,940.410493474232,2639.12040548528,ok
john_wells,m,6,116.7756915272,410.2643047712,800.1451167941,2527.4098426262,ok
john_wells,m,7,131.3642158903,382.8309046604,586.0185793911,2405.0126873854,ok
john_wells,m,8,121.9545012657,218.89003209957,450,2112.9944938872,ok
john_wells,m,9,128.452266708257,216.192310482833,1799.43188974798,2169.80057893075,ok
john_wells,m,10,125.461377185207,356.133868846027,1495.3738090068,1866.91481132528,ok
john_wells,m,11,115.9260499445,631.235676427646,1396.74086293689,1795.09536434741,ok
john_wells,m,12,109.154283863086,653.830689176399,1278.97616130611,1733.59212777392,ok
john_wells,m,13,124.864019132795,541.815626425867,811.607320315502,2571.45191789459,ok
john_wells,m,14,124.484064415434,569.916614843087,1029.77826615932,2659.10006433504,ok
john_wells,m,15,123.891020955816,316.592764881418,1059.51223775602,2311.68661738946,ok
john_wells,m,16,134.174078847561,266.661387295016,1101.42990638558,2154.28888999145,ok
john_wells,m,17,124.302744323614,304.92834044638,1730.86596649511,2237.57085698932,ok
john_wells,m,18,125.332610481645,251.743046018127,1498.7675723289,1996.67868128608,ok
john_wells,m,19,136.666163519221,375.426871832486,1913.17056093139,2444.47661009145,ok
john_wells,m,20,125.883981308193,284.076203575948,1526.96493830542,1988.60134160038,ok
john_wells,m,21,131.571315731205,384.381509964296,804.393403622101,2296.85558949724,ok
john_wells,m,22,119.77886918511,356.263337229597,1269.28955730438,2377.29621947587,ok
john_wells,m,23,119.461628387667,336.655949269425,1279.19237320233,1934.17880519227,ok
john_wells,m,24,116.560594044743,473.061120533386,1278.75942514742,2536.62487206696,ok
john_wells,m,25,128.888987491613,570.141004840372,1164.3875067208,2608.22189000854,ok
john_wells,m,26,116.93121414129,601.197263848749,1327.69216944016,1922.44212420704,ok
john_wells,m,27,127.438214412897,931.799182789974,1722.53992089905,2507.27122536596,ok
john_wells,m,28,121.48729938658,497.929125708285,1205.07166792151,2641.35693717117,ok
jonathan_dowse,m,1,101.73057455426,217.505554183829,2363.5458382846,3237.04552350586,ok
jonathan_dowse,m,2,108.770760442001,528.189135046981,2255.5316677616,2926.70231736416,ok
jonathan_dowse,m,3,100.92969557621,671.751212586203,1969.17932096859,2847.63404766052,ok
jonathan_dowse,m,4,103.183088009807,923.081657697843,1588.76437104737,3049.88264252056,ok
jonathan_dowse,m,5,100.553567673813,602.088161782668,1045.85091081723,2839.44391771297,ok
jonathan_dowse,m,6,102.8977403969,521.3890787485,824.7858731191,2708.28891547,ok
jonathan_dowse,m,7,108.0631138884,408.373039798689,611.559173263022,2614.29540961031,ok
jonathan_dowse,m,8,104.0627354046,260,500,2350,ok
jonathan_dowse,m,9,102.686337600008,217.123493076967,2232.17596823674,2883.06487973745,ok
jonathan_dowse,m,10,105.977700227114,336.930884112773,2050.18202158668,2616.52633415219,ok
jonathan_dowse,m,11,97.4163457120199,586.442669367664,1872.26498667252,2647.09733752662,ok
jonathan_dowse,m,12,103.40369973081,684.80056574487,1335.44772531382,2428.7385426314,ok
jonathan_dowse,m,13,103.047929388439,537.978318098662,660.262808868618,2623.89945311459,ok
jonathan_dowse,m,14,102.07771343678,559.93498812246,1051.8526411465,2904.82604557211,ok
jonathan_dowse,m,15,105.852230983032,513.2221742487,1133.43035752825,2946.29373503947,ok
jonathan_dowse,m,16,105.398051734821,291.574803416646,1158.0735481235,2494.96758720899,ok
jonathan_dowse,m,17,100.488596907052,304.574724368927,1777.82051950157,2260.12635303187,ok
jonathan_dowse,m,18,105.677831295064,276.051537846171,1716.13168262587,2223.47717749153,ok
jonathan_dowse,m,19,108.429167306275,370.962078215071,2006.69521788721,2789.99526084633,ok
jonathan_dowse,m,20,105.561648606383,285.141384679742,1897.13114606607,2345.12699039963,ok
jonathan_dowse,m,21,106.156164775681,431.395935385677,932.030148099835,2487.9490644192,ok
jonathan_dowse,m,22,105.930838228821,403.511250001993,1676.0277001074,2369.52872468885,ok
jonathan_dowse,m,23,107.505959239094,432.501848988441,1045.00679054581,2469.90730459869,ok
jonathan_dowse,m,24,103.998009226666,566.217874795034,1448.73611459853,2539.57039851522,ok
jonathan_dowse,m,25,102.675187713965,700.080596614452,1491.23644689459,2809.31153046435,ok
jonathan_dowse,m,26,102.417179295021,667.718802611844,1441.40490664205,2612.65301381756,ok
jonathan_dowse,m,27,99.7690668631499,925.607108214694,1904.78218787603,2799.15461799565,ok
jonathan_dowse,m,28,103.629090679401,675.655795387531,1409.88748092308,2657.63784108077,ok
peter_ladefoged1,m,1,122.516610103112,299.101344075971,2284.15560926297,3260.39369868298,ok
peter_ladefoged1,m,2,114.21183184568,401.121478300012,2330.81563373236,2699.70565892497,ok
peter_ladefoged1,m,3,114.89600169153,517.217310914551,1848.29788186307,2508.4658067489,ok
peter_ladefoged1,m,4,121.764713605841,825.958725353502,1289.49974326607,2460.39788616217,ok
peter_ladefoged1,m,5,105.149866947125,692.52547614226,1016.17065508075,2848.83081421453,ok
peter_ladefoged1,m,6,108.9384293572,457.4434459451,810.8713624012,2804.4177512001,ok
peter_ladefoged1,m,7,103.9672249687,345.4817773489,691.5016931906,2666.8167040887,ok
peter_ladefoged1,m,8,108.2855403374,270,550,2330,ok
peter_ladefoged1,m,9,142.526879075093,315.915898174058,2238.26488676494,2675.71264614719,ok
peter_ladefoged1,m,10,118.644338231134,419.122456819284,1831.30304039263,2782.41457959378,ok
peter_ladefoged1,m,11,106.76222412241,533,1320,2170,ok
peter_ladefoged1,m,12,111.343686881101,595,1160,2000,ok
peter_ladefoged1,m,13,114.469378060601,488.566798723053,686.752860011377,2687.15348899036,ok
peter_ladefoged1,m,14,113.286362879335,533.661964931279,838.720535668337,2853.32605091967,ok
peter_ladefoged1,m,15,115.563043734538,429.514060691096,954.126260694057,2763.74598920235,ok
peter_ladefoged1,m,16,117.873296548347,374.342269693398,1139.52579440061,2889.39738266682,ok
peter_ladefoged1,m,17,127.409341999227,350.618555439399,2225.11961374806,2713.88995677994,ok
peter_ladefoged1,m,18,114.090728582079,344.086918820816,1940.97823438457,2403.03858184551,ok
peter_ladefoged1,m,19,147.294596373022,405.417921958666,2265.3000786857,2779.86114531806,ok
peter_ladefoged1,m,20,124.857710603213,372.244417485349,1855.12772234009,2412.19518615653,ok
peter_ladefoged1,m,21,161.205726871755,413.623169990999,665.648146109221,2580.11910849189,ok
peter_ladefoged1,m,22,122.708242705574,420,1400,2550,ok
peter_ladefoged1,m,23,110.642088815455,450,1250,2450,ok
peter_ladefoged1,m,24,91.287395259915,450,1100,2400,ok
peter_ladefoged1,m,25,123.464165621983,440,1360,2500,ok
peter_ladefoged1,m,26,111.891104638067,435,1300,2450,ok
peter_ladefoged1,m,27,120.289250507723,623.770301782185,1502.13574181058,2489.86946270483,ok
peter_ladefoged1,m,28,119.763800994303,545,1150,2450,ok
peter_ladefoged2,m,1,92.1595220707274,286.169244141332,2112.96159769076,3273.53615759595,ok
peter_ladefoged2,m,2,92.6963463131403,417.104814583639,1938.53453593262,2739.99434886572,ok
peter_ladefoged2,m,3,90.4283364053292,598.470535062611,1654.50353956739,2501.59918792838,ok
peter_ladefoged2,m,4,91.265357637038,747.315255788418,1215.8124880767,2528.15216765664,ok
peter_ladefoged2,m,5,91.0819428238112,588.094648947752,936.550915442175,2885.65183613207,ok
peter_ladefoged2,m,6,92.0610423079,441.346571381135,742.813849295169,2500,ok
peter_ladefoged2,m,7,91.8586899778,347.523638373873,787.816985445311,2300,ok
peter_ladefoged2,m,8,94.7317925235,300,550,2323.57138004962,ok
peter_ladefoged2,m,9,94.5136156433603,260,1740,2400,ok
peter_ladefoged2,m,10,93.0254942042658,429.512123116971,1581.04903122686,2307.11781018638,ok
peter_ladefoged2,m,11,93.2635991289243,513,1300,2250,ok
peter_ladefoged2,m,12,92.417432078466,538.090930831438,1200,2100,ok
peter_ladefoged2,m,13,90.4676760998008,538.278149883963,877.05306413446,2713.74897736941,ok
peter_ladefoged2,m,14,93.6180088456872,558.47759390629,1076.04957939063,2697.57183502784,ok
peter_ladefoged2,m,15,90.5037039411161,440,1000,2800,ok
peter_ladefoged2,m,16,103.745807163106,375,1140,2930,ok
peter_ladefoged2,m,17,112.545500862084,337.566681092858,1827.03661557935,2281.85024485091,ok
peter_ladefoged2,m,18,104.052446648676,344.086918820816,1940.97823438457,2403.03858184551,ok
peter_ladefoged2,m,19,105.073584509319,320.540876174475,1931.47612315564,2585.23986348514,ok
peter_ladefoged2,m,20,107.205309142674,371.513891202826,1855.54892447588,2411.90002898792,ok
peter_ladefoged2,m,21,100.018534940384,416.701310468198,1103.41526207767,2366.22368997172,ok
peter_ladefoged2,m,22,94.3307937344797,438.985717374513,1562.63845516736,2437.69627889383,ok
peter_ladefoged2,m,23,94.4097112332992,374.899405866451,1503.09773198671,2119.58208142683,ok
peter_ladefoged2,m,24,96.1504104184455,508.075143170778,1389.74396043256,2561.86678310665,ok
peter_ladefoged2,m,25,101.398368141305,455.777985377054,1345.42416427084,2379.00163813822,ok
peter_ladefoged2,m,26,99.2005508037009,424.903682267542,1335.56698065443,2285.51835110458,ok
peter_ladefoged2,m,27,87.8684183899397,606.842845089196,1640.18751628588,2436.21363667086,ok
peter_ladefoged2,m,28,95.0667010642609,630.27900025716,1220.31141248143,2657.86912334615,ok
bruce_hayes,m,1,148.503750671257,287.000880797121,2375.92933620133,3266.03751305778,ok
bruce_hayes,m,2,141.291743371821,439.237754745848,2180.1465543382,2788.77439480397,ok
bruce_hayes,m,3,140.487323514333,607.315332268098,1898.55238215324,2512.39823451884,ok
bruce_hayes,m,4,137.221638407992,861.359640634532,1456.43430196053,2527.37031790136,ok
bruce_hayes,m,5,132.665628281524,770.742369785334,1101.52076830227,2205.90887210776,ok
bruce_hayes,m,6,141.1626978553,581.2390563881,883.245805447,2241.2239360098,ok
bruce_hayes,m,7,145.1863001583,427.4635266891,788.918654678,2170.0459037661,ok
bruce_hayes,m,8,152.2531337772,300.6996262171,750.6964273968,2349.297033246,ok
bruce_hayes,m,9,149.985164155393,361.716858299751,2168.75767672877,2491.87954855245,ok
bruce_hayes,m,10,144.74464422519,445.254298615121,1645.32130789575,2032.18402530714,ok
bruce_hayes,m,11,142.443343167632,557.780177892095,1587.60584567064,2048.55785752143,ok
bruce_hayes,m,12,141.655619038282,577.213407408373,1491.38567173952,1931.71649812251,ok
bruce_hayes,m,13,139.194636457141,643.842864815759,865.02462870798,2007.51847577518,ok
bruce_hayes,m,14,143.067038730184,709.372532948994,1305.04491935082,2392.51703697562,ok
bruce_hayes,m,15,152.241213283825,601.59398698241,1609.92686789021,2580.92286444134,ok
bruce_hayes,m,16,167.715901073821,367.946038551093,1769.47156347117,2740.21074699274,ok
bruce_hayes,m,17,141.59038873833,372.71460850035,1901.8929112162,2468.75378946086,ok
bruce_hayes,m,18,151.009549278736,326.504695378428,1503.3104633214,2261.73234098111,ok
bruce_hayes,m,19,144.930904597506,367.675448965932,2209.41519861672,2796.53572395495,ok
bruce_hayes,m,20,147.183769400062,384.423007935115,1809.20836118134,2167.61529934042,ok
bruce_hayes,m,21,148.458655563457,346.227158483238,904.079132001425,2322.28670320596,ok
bruce_hayes,m,22,141.055291253666,417.247450184839,1961.74363014309,2376.84362361064,ok
bruce_hayes,m,23,146.558254629305,498.539611760877,1600.81710721065,2233.01408994625,ok
bruce_hayes,m,25,140.238138285794,560.39937736152,1701.05316992147,2497.37457829296,ok
bruce_hayes,m,26,141.664852879324,621.547792088409,1487.26841323458,2210.81302732085,ok
bruce_hayes,m,27,130.565126228791,727.211800549323,1756.30865887054,2550,ok
bruce_hayes,m,28,132.506999397183,696.839486194894,1461.71789026038,2351.29204211199,ok
jill_house,f,1,188.05587622807,314.975597295447,2616.76317696026,3803.26176683892,ok
jill_house,f,2,199.059077184373,401.123886829581,2601.38960623904,3038.70257081066,ok
jill_house,f,3,183.23691273456,895.037547507657,2038.47421888777,3126.47046770742,ok
jill_house,f,4,182.203177894633,1196.75256517259,1599.10557840717,2888.72211004883,ok
jill_house,f,5,180.233247610484,700.79128220737,950.963968198963,3054.17601725994,ok
jill_house,f,6,195.1153992367,599.3158584298,893.8495058104,2973.9282138036,ok
jill_house,f,7,162.3971614768,347.6741308007,843.5829661159,3043.7949798901,ok
jill_house,f,8,210.9416160228,319.0847362899,618.6094757223,2450.9716664709,ok
jill_house,f,9,205.574057440244,364.851541968146,2163.39541253751,2794.19935553989,ok
jill_house,f,10,190.974025562239,368.112249069283,1892.14375256858,2880.26411775502,ok
jill_house,f,11,183.720180514818,728.366634383144,1403.8937600984,2840.18202412374,ok
jill_house,f,12,185.299726805068,737.525113019834,1378.70097331517,2472.03544064491,ok
jill_house,f,13,188.455459951837,582.972972442399,855.913537948818,3030.99792267974,ok
jill_house,f,14,175.807946540261,851.461410932347,1258.11814564633,3014.45561141724,ok
jill_house,f,15,198.811118287325,415.000393053981,1312.88039413414,2911.41806633443,ok
jill_house,f,16,189.611999939025,371.739701357771,1469.95684147015,2932.29767230759,ok
jill_house,f,17,194.39841596733,371.933828276909,2035.80430693376,2910.23943937399,ok
jill_house,f,18,197.89460846104,378.302700548117,2137.46948069832,2832.14171924044,ok
jill_house,f,19,190.249519656511,423.271403089678,2529.77245085557,3216.20655103754,ok
jill_house,f,20,208.204773588417,407.556752511881,2054.46434671207,2755.75354824523,ok
jill_house,f,21,192.517321964764,414.990389804829,769.177020975961,3005.32012713388,ok
jill_house,f,22,184.599460998942,380.060299138381,1714.30644932506,2940.52942197566,ok
jill_house,f,23,173.293246388527,373.271136806194,1740.06093610047,2999.59284678653,ok
jill_house,f,24,190.157205756897,636.93899093334,1492.39571946533,2983.36763187807,ok
jill_house,f,25,158.782631711606,783.35740056687,1304.20213538711,3341.32804913658,ok
jill_house,f,26,173.119175454688,701.252780314878,1308.22531824247,2984.90979513288,ok
jill_house,f,27,178.783907296884,1136.20475858117,1679.97515219432,3085.49452316387,ok
jill_house,f,28,184.530544101474,758.343472091081,1278.44248274313,3093.5062961752,ok
jurgen_handke,m,1,186.325167063357,303.518652541734,2771.19250834182,3283.02733716046,ok
jurgen_handke,m,2,179.455482334246,363.013076238039,2708.7094237053,3113.09009296899,ok
jurgen_handke,m,3,173.343492705834,595.836721694457,2241.51180032532,3013.06522029114,ok
jurgen_handke,m,4,168.927575180014,750,1780,2900,ok
jurgen_handke,m,5,167.250105367376,575.154412659384,915.792184471639,3204.2095480208,ok
jurgen_handke,m,6,165.5650034841,481.0562622196,673.0548250383,3082.3257389758,ok
jurgen_handke,m,7,170.3559964051,338.896155051,599.7378279295,2885.2435700832,ok
jurgen_handke,m,8,174.5285519641,220,550,2200,ok
jurgen_handke,m,9,193.131858009754,347.032395210876,1690.05586392033,2231.4250072709,ok
jurgen_handke,m,10,144.1748008249,351.854139145643,1600.9729533551,2569.20312011889,ok
jurgen_handke,m,11,148.769968815804,614.32370921278,1354.64083218652,2361.1472677252,ok
jurgen_handke,m,12,122.59753359705,711.674242063431,1494.05639823303,2517.08651729712,ok
jurgen_handke,m,13,131.407736202262,572.092866474494,815.394120033624,2974.29314962216,ok
jurgen_handke,m,14,169.795113557467,538.761470684136,1006.91932075268,3000,ok
jurgen_handke,m,15,181.783278873087,395.696864576929,927.246038639953,2835.1458613274,ok
jurgen_handke,m,16,169.114909304375,356.126252235355,1345.12729038482,2410.09581499411,ok
jurgen_handke,m,17,224.884283519023,430,1600,2300,ok
jurgen_handke,m,24,198.200051435231,638.087326913637,1313.53369100491,2530.7079833043,ok
jurgen_handke,m,25,220.351878180985,676.155563014511,1386.04189461421,2570.04117969855,ok
jurgen_handke,m,28,154.289528815601,784.960107178866,1127.40358982917,2681.39544808447,ok
alvin_leong,m,1,133.064199484673,269.775202235634,2556.43048382875,3136.52770206942,ok
alvin_leong,m,2,133.854604665998,391.80498712286,2120.10331914008,2596.54283480864,ok
alvin_leong,m,3,129.083537190149,618.616867931349,1800.64673906282,2336.83241961208,ok
alvin_leong,m,4,128.200669884843,914.084799034353,1564.92677981399,2700,ok
alvin_leong,m,5,125.598899537272,668.542422479743,898.223036644759,2976.35951942538,ok
alvin_leong,m,6,127.60034177484,512.985002316938,743.926469896989,2868.4500380306,ok
alvin_leong,m,7,126.588176942593,379.506877944892,758.474497657361,2484.73426658852,ok
alvin_leong,m,9,132.376747607044,263.144916250863,1911.81909589612,2151.3871482516,ok
alvin_leong,m,10,131.006338222974,370.304234193238,1841.15792643354,2435.86459522667,ok
alvin_leong,m,11,131.97112307858,524.684515067448,1691.14360547306,2223.39215660248,ok
alvin_leong,m,12,128.18041784636,902.653736922363,1434.44409786963,2604.49989545383,ok
alvin_leong,m,13,104.329732889808,650,850,2820.84463842281,ok
alvin_leong,m,14,105.015675130825,623.26702714959,889.451503806647,2652.93029842335,ok
alvin_leong,m,15,122.759143189855,385.861501994696,947.268340830771,2642.08267803989,ok
alvin_leong,m,16,128.568410589076,320,992.566041456622,2678.33326727269,ok
australianlinguistics,m,1,170.754253468526,320,2172.12814369631,3113.32724187887,ok
australianlinguistics,m,2,163.000930118608,447.24235290254,2056.37871972938,2733.46946262713,ok
australianlinguistics,m,3,101.266738714847,493.325225088995,1798.19603629234,2483.40413509231,ok
australianlinguistics,m,4,142.193839558709,720.282115637648,1647.75231922673,2580,ok
australianlinguistics,m,5,132.215694427252,545.404092030869,827.378281272681,2888.3647815782,ok
australianlinguistics,m,6,118.180380692751,407.577142961611,698.537458227362,2827.22873123098,ok
australianlinguistics,m,7,152.608456192993,391.100824692338,625.063913830145,2800,ok
australianlinguistics,m,8,175.059786099281,330,620,2556.7051738327,ok
australianlinguistics,m,9,163.123067565033,307.627006984351,1650,2462.80189924323,ok
australianlinguistics,m,11,118.860906893423,400.949570420057,1686.60423908218,2453.07257644213,ok
australianlinguistics,m,16,143.018527027061,298.3100792955,979.489096073577,2676.57795201842,ok
lukasz_stolarski,m,1,182.368840297264,313.867518240641,2205.51802388424,3185.38456833385,ok
lukasz_stolarski,m,2,152.763849491126,452.753416611921,2157.7630515455,2953.49771321876,ok
lukasz_stolarski,m,3,153.550832067727,594.672650735094,1585.67001905644,2855.12847956563,ok
lukasz_stolarski,m,4,141.588009514661,700.300833651046,1451.65926720118,2877.30727854843,ok
lukasz_stolarski,m,5,128.708454869441,693.04146041742,1044.6599786052,3022.44029732155,ok
lukasz_stolarski,m,6,138.331964119365,557.423377943053,936.806696424432,2811.74455644291,ok
lukasz_stolarski,m,7,140.633757789861,420,780,2778.20756061952,ok
lukasz_stolarski,m,8,178.052649870696,350,640,2350,ok
lukasz_stolarski,m,9,187.055544743846,294.953741450417,1661.56131490745,2105.2505499824,ok
lukasz_stolarski,m,10,181.871777693747,347.10551747582,1779.52851376643,2109.22496335165,ok
lukasz_stolarski,m,11,172.410316045684,513.444683629439,1502.73087170579,2269.86971981624,ok
lukasz_stolarski,m,12,182.516996652471,513.473214715142,1258.3231293701,2550,ok
lukasz_stolarski,m,13,155.37776057435,507.472019125925,864.393372163447,2950,ok
lukasz_stolarski,m,14,168.588082938062,624.626108511699,1389.28926527462,2989.229716083,ok
lukasz_stolarski,m,15,162.986866840784,494.557940150267,1363.13389134382,2784.0588838212,ok
lukasz_stolarski,m,16,196.647616697667,379.644281312031,1373.1716788148,2487.47398428617,ok
lukasz_stolarski,m,17,183.503799680075,357.727522940435,1465.79567990922,2501.34290857221,ok
lukasz_stolarski,m,18,182.191992560258,341.707361273936,1615.82305853727,2178.50675374476,ok
lukasz_stolarski,m,19,160.567729199213,377.891857839375,2050.47005047132,2597.15749498873,ok
lukasz_stolarski,m,20,159.904831514628,378.714841418393,1737.48893875442,2322.12535527827,ok
lukasz_stolarski,m,21,159.517724183619,410.824656540918,1035.23306421624,2458.93660554179,ok
lukasz_stolarski,m,22,159.489885509737,440,1294.88555424434,2411.47977254576,ok
lukasz_stolarski,m,23,159.883326451752,414.117560718014,1132.55564020858,2363.44505721912,ok
lukasz_stolarski,m,24,152.330193541131,565.997692715942,1290.02116263462,2470,ok
lukasz_stolarski,m,25,147.544641183822,639.510610804522,1334.17204429803,2742.46723026862,ok
lukasz_stolarski,m,26,148.687746408951,572.56622389888,1272.50000769235,2450,ok
lukasz_stolarski,m,27,150.064977118117,604.359458178143,1458.89639199247,2673.89842747486,ok
lukasz_stolarski,m,28,149.690594431529,587.539405660601,1254.31519834456,2800,ok
magda,f,1,237.552057471808,269.619989229558,2782.8454267284,3831.42939346094,ok
magda,f,2,224.999578569228,627.85857413315,2255.96488887294,2950.57249490326,ok
magda,f,3,202.354178519914,696.558168495113,1897.17762755352,2800,ok
magda,f,4,209.646033982288,829.213583171388,1491.58642709104,2702.98164050811,ok
magda,f,5,211.76355369809,789.745646133846,1217.3964222818,2952.20703968171,ok
magda,f,6,219.987057327503,536.813222450922,964.511194684819,2728.21234309038,ok
magda,f,7,220.807108550381,465,842.538019178691,2589.96890688483,ok
magda,f,8,234.544466550617,342.611620952408,664.718284848571,2412.48480069215,ok
magda,f,9,228.23081352567,446.032305151084,2546.44975203697,3000,suspected
magda,f,10,224.547750812799,524.325884263905,1535.27393187927,2641.05522979451,suspected
magda,f,11,222.535048346115,507.521056162041,2153.34460138883,2752.30826215397,suspected
magda,f,13,219.871903616206,573.113431243337,829.031636761776,2881.02305687614,ok
magda,f,15,223.550461572902,669.012999824858,1304.35524661435,2662.84797836191,ok
magda,f,16,255.243610361722,450.830152609948,1787.44968289217,2289.21339533822,ok
magda,f,17,258.682967577069,390,2171.02701286141,2635.2697795679,ok
magda,f,18,256.698597902489,344.965552217298,1707.45657817546,2367.53063797353,ok
magda,f,19,248.340890185543,472.45639522995,2500.37060904123,2926.88524833043,ok
magda,f,20,250.106233848735,514.136676891819,1700,2944.51268220695,ok
magda,f,21,250.125804918596,501.174792772109,920,2500,ok
magda,f,22,234.628315733573,519.01225917638,1414.32275406855,2400,ok
magda,f,23,232.626247775276,483.149999679586,1357.05963877318,2049.84837436404,ok
magda,f,24,214.553744642078,602.641545149153,1502.32434077346,2190,ok
magda,f,25,209.235676754824,626.710134453351,1422.95422416057,2055.0308448121,ok
magda,f,26,210.217934889256,516.896687327357,972.896193929401,2486.03642583688,ok
magda,f,27,210.914816692972,918.140651738938,1786.52217179985,2466.43029377735,ok
magda,f,28,213.275462297707,811.391398959299,1407.35724832181,2294.53861454923,ok
iza,f,1,174.061698117086,325.233770021608,2759.37077257845,3235.68782014442,ok
iza,f,2,185.56753414096,367.747517828516,2555.78662372733,2928.24967328721,ok
iza,f,3,178.709071209728,628.992161571985,2158.848343862,2853.09111186164,ok
iza,f,4,169.934554164542,956.353526775877,1423.02425067456,2769.00018860206,ok
iza,f,5,180.533796498451,860.737783043034,1140.98908432796,2968.81788417591,ok
iza,f,6,173.634352072122,578.90258710778,927.575559971138,2775.59683656433,ok
iza,f,7,175.687244174205,403.291841780256,883.208709422832,2924.00993946664,ok
iza,f,8,184.491390113751,346.428268054978,838.326629458923,2652.23239678487,ok
iza,f,9,172.86967993405,367.789709339793,2506.54440083985,2717.06199402986,ok
iza,f,10,183.921815100191,351.148570290411,2252.6186113456,2559.09223450295,ok
iza,f,11,188.43526784853,559.063953641704,1857.4044640018,2601.63211432439,ok
iza,f,13,176.889292676557,532.815088121092,919.036344429883,2677.92376400216,ok
iza,f,14,184.643964108221,729.331172702252,1245.58529616879,3125.74792046688,ok
iza,f,15,178.10482596082,643.123999228843,1249.48569553853,2922.0688000742,ok
iza,f,16,176.885786727128,357.43145505071,1596.53131156833,2607.72750411765,ok
iza,f,17,174.56190441935,378.251519496459,2258.49993401428,2659.56736238334,ok
iza,f,18,192.138485842835,327.203594062214,1857.58231055354,2610.18924772838,ok
iza,f,19,175.999865908667,447.341573391827,2403.81052329968,2803.26946553851,ok
iza,f,20,170.936269646777,475.050320790346,1941.77408232176,2619.61250881889,ok
iza,f,21,176.141059026779,477.482519820411,1017.64126778521,2815.05952744445,ok
iza,f,23,171.713211402835,518.787902185433,1525.57385405624,2588.73869838613,ok
iza,f,24,177.732415683535,570,1520,2782.73158108688,ok
iza,f,25,171.250254175978,537.92371921761,1649.58761886026,2556.68526714577,ok
iza,f,26,184.139326543241,623.993038824256,1634.60059081631,2892.51109769611,ok
iza,f,27,171.675584883079,821.084390973672,1726.31940364788,2735.25772326794,ok
iza,f,28,166.671904426363,718.403434261613,1416.52245511189,2700.75137446755,ok
ola,f,1,211.978517249404,344.913610401368,2810.66248054326,3639.6040585554,ok
ola,f,2,202.632309368631,477,2400,3000,ok
ola,f,3,205.926179365648,582.113894898966,1619.87255821069,2754.650278974,ok
ola,f,4,214.050311119664,959.623925032029,1396.97382383667,2446.1167791018,ok
ola,f,5,214.011154358351,686.94495690353,1085,2756.15261634989,ok
ola,f,6,215.685967335118,641.660742429617,1140.97059305607,2816.91745484646,ok
ola,f,7,211.573281400459,419.378409182873,822.403892509223,2685.56729203433,ok
ola,f,9,223.490320065658,367.577583915024,1850,2750,ok
ola,f,10,204.206357951949,427.581787424371,2224.10389440897,2808.27335922296,ok
ola,f,11,206.296680047671,415.502383879645,1645.75488831723,2877.82178898974,ok
ola,f,12,202.481215872314,565.905569923964,1420.22955946434,2758.52669092512,ok
ola,f,13,201.474813950766,514.891058880661,875.45809256652,2557.83535491401,ok
ola,f,14,204.987544382723,979.838811785044,1493.64475548845,2873.81127340363,suspected
ola,f,15,202.348443673964,562.854659496013,1393.17021198592,2715.60988874841,ok
ola,f,16,209.040606061815,396.828181767774,1407.25305307839,2708.53231118436,ok
ola,f,17,197.480987422168,375.616229860186,1395.51249261292,2510.85821534483,ok
ola,f,18,215.759721304074,409.543625505006,1469.38807391112,2207.05588705515,ok
ola,f,19,195.105121363641,520,2440.11985412249,2968.50966054421,ok
ola,f,20,205.576839240261,454.869245144932,2163.42683582126,2875.39841448854,ok
ola,f,21,201.361820765268,394.87804468605,957.400552254524,2199.62532867337,ok
ola,f,22,193.846750397206,573.587363320881,1370.05660894118,2572.71533408003,ok
ola,f,23,191.46947490019,520.066414310756,1299.88698130954,2595.53124788701,ok
ola,f,24,199.318968617602,726.052748229865,1404.71207190753,2753.02912859435,ok
ola,f,25,199.831013895256,735.346186001004,1421.8414785009,2697.54398544648,ok
ola,f,26,192.915952792355,776.452740395213,1370.90098401127,2655.33596690781,ok
ola,f,27,198.767746010637,1018.66202348528,1677.52647806176,2782.68534278777,ok
ola,f,28,203.341816551948,980,1423.95453100372,2992.58316437717,ok
