speaker,gender,vowel,f0,f1,f2,f3,sr,log_f1_sr,log_f2_f1,log_f3_f2,quality
david_madore,m,1,158.856851911147,256.035129984943,2029.07460109799,3221.91387914083,164.895259982933,0.191091386178157,0.898998456691605,0.200815913039972,ok
david_madore,m,2,133.031633894167,424.821160912899,2095.77518670066,2818.69260313685,155.42629558203,0.436681645213971,0.693138552741784,0.128703021654657,ok
david_madore,m,3,122.943483917044,607.315921008519,2030.74642071871,2472.33037408324,151.39377785161,0.603306640042726,0.524241029983485,0.085450808021042,ok
david_madore,m,4,126.642194863713,910.33667305977,1580.31630338626,2499.38604423389,152.897011697791,0.774803041298769,0.239541981834256,0.199089319991909,ok
david_madore,m,5,126.288930483551,463.127397370303,802.691325498084,2430.12401859009,152.754712183061,0.481705857192862,0.238848096234329,0.481079868203492,ok
david_madore,m,6,124.1779538365,477.0299827286,1029.6357799606,2729.0667030587,151.898803964493,0.496991322289144,0.334137949365796,0.423330524758428,ok
david_madore,m,7,130.240568112,362.590887618613,824.10479184509,2500.1,154.331631912173,0.370961937043067,0.356565553888581,0.481974940704798,ok
david_madore,m,8,155.6813745158,281.912051783161,839.798370987345,1914.4589103351,163.789129067121,0.235828568826162,0.474061385449169,0.357871021731555,ok
david_madore,m,9,141.837992882485,281.345507979187,1650.91358684438,1996.71082357542,158.782894109793,0.248436272014603,0.768484356233755,0.082590830378725,ok
david_madore,m,10,132.716635768245,375.203368932863,1722.3212716877,2287.69188038895,155.303523567282,0.383085420005607,0.661847436180819,0.123283365345558,ok
david_madore,m,11,131.175431976317,559.569229625547,1531.70909064138,2155.00693399144,154.700014890738,0.558363469382119,0.437322465003219,0.148272382005241,ok
david_madore,m,12,120.001932657669,694.737767614085,1280.99058411099,2145.3654149713,150.176600109672,0.66521864081937,0.26572502867828,0.223955337678128,ok
david_madore,m,13,125.0589482587,523.73865816558,756.773223702304,2729.40265122189,152.257178820008,0.536536852731953,0.159851126171417,0.55710185169482,ok
david_madore,m,14,128.8519546034,633.220867894948,1312.66020554686,2518.97477781969,153.781180859683,0.614652027215667,0.316597100751766,0.283071499561385,ok
david_madore,m,15,131.66182663576,460.158291670096,1617.70069910825,2190.41794680898,154.890986753456,0.472881105552854,0.545990921120023,0.131628815942055,ok
david_madore,m,16,156.45504414084,323.771444108179,1565.11871259936,2478.3851755434,164.060001416957,0.295235831372645,0.684308741570492,0.199621518782203,ok
david_madore,m,17,151.960550693134,261.045031674955,1765.37112161349,2034.46025207607,162.473726185447,0.205932291211006,0.830120586070823,0.061613191306377,ok
david_madore,m,18,153.311255808315,253.701593750838,1392.86480314124,1789.853312503,162.953690834603,0.192258993958468,0.7395857686994,0.10890847565413,ok
wikipedia,m,1,140.789486878019,257.781823303145,2470.35485209793,3260.12582461178,158.390670226603,0.211522694631458,0.981507050465667,0.120475020378814,ok
wikipedia,m,2,119.742952448134,360.123201042198,2482.42750268361,2882.28107863908,150.068488574322,0.38016159328882,0.838425472307257,0.064859756599886,ok
wikipedia,m,3,155.235149263216,573.947181703192,1900.0562301414,2688.79304466957,163.632491220402,0.54500238532924,0.519894525949668,0.150790922410407,ok
wikipedia,m,4,122.817085204612,878.428396053995,1330.64238159385,2585.90725331965,151.341877201393,0.763747249795717,0.18035498549118,0.288551592512176,ok
wikipedia,m,5,109.175930910364,768.919107922942,1237.2033040121,2555.6253377077,145.517476815887,0.722965497695963,0.206560417721618,0.315056114149937,ok
wikipedia,m,6,139.884781021,454.079141852888,616.408981185267,2751.7662469061,158.050670864636,0.458335209427882,0.132737404816725,0.649742581467253,ok
wikipedia,m,7,124.4952472602,362.929028302313,657.077475003905,2805.5499638558,152.028068723867,0.377897927430793,0.257794873634876,0.630401427850843,ok
wikipedia,m,8,140.7820861156,271.457703965829,696.612308225243,1956.49685677819,158.387894848304,0.233980184850307,0.40928897216563,0.448488010915314,ok
wikipedia,m,9,135.081810777199,281.345507979187,1650.91358684438,1996.71082357542,156.220663879556,0.255501506446331,0.768484356233755,0.082590830378725,ok
wikipedia,m,10,132.221995963505,408.623667559364,1639.71761594863,2101.01443714041,155.110342714065,0.420682760029533,0.60344554499849,0.107659974233651,ok
wikipedia,m,11,146.327406032897,469.627264103742,1580.46972432122,2431.62561860512,160.440773013425,0.466438556066639,0.527032879016447,0.187110529429113,ok
wikipedia,m,12,115.27641159241,564.807045678998,1200.08456236277,2253.13572110232,148.178890101027,0.581113768200711,0.327311743429906,0.273575503800183,ok
wikipedia,m,13,156.787457446799,534.706827972421,683.444319163638,2501.33363474302,164.17610963627,0.512805769599962,0.106587408088369,0.563468485008877,ok
wikipedia,m,14,149.882489196962,643.351922694034,1306.87232709374,2605.28678323919,161.729714607817,0.599658783028222,0.307784558702744,0.299622374368279,ok
wikipedia,m,15,124.772728713148,378.531339143835,1330.67057154901,2634.57076559107,152.140934255495,0.395855762367961,0.545968711166622,0.29663931603911,ok
wikipedia,m,16,128.390433031577,326.373625034305,1120.63250511543,2783.2788632949,153.597356876289,0.327331312851242,0.535748160265048,0.395093506026784,ok
wikipedia,m,17,144.649485731822,282.980592058807,1715.29792941186,2699.06596642023,159.825161689985,0.248111498424587,0.782582912472967,0.196873935678715,ok
wikipedia,m,18,151.099246718613,276.952042394854,1211.30700980093,2412.43763411817,162.16618037724,0.232444284654772,0.640849658261292,0.299201864382769,ok
wikipedia,m,19,117.319023217362,377.032723639735,2092.97638054442,2607.60208419707,149.048977357086,0.403050044744315,0.744385281931412,0.095476992181936,ok
wikipedia,m,20,128.890587248113,371.064032467401,1590.50382664899,2153.99024008043,153.796548315293,0.382502271255905,0.632085858450594,0.131709012810878,ok
wikipedia,m,21,143.440248008715,422.30928702586,1004.51079271457,2704.80368733151,159.378547162281,0.423200768488419,0.376323975154763,0.430181142533734,ok
wikipedia,m,22,119.320546723702,327.568292976273,1512.65611907414,2654.53948775108,149.891819935985,0.33952392483018,0.664438351028894,0.244248981547235,ok
wikipedia,m,23,140.751663654038,397.758195168973,845.727976264459,2450.84542035396,158.376485023594,0.399928436260723,0.327611560724914,0.462085223231618,ok
wikipedia,m,24,117.488666665951,538.369736481046,1198.14161804959,2574.03757348885,149.12078442397,0.557542459246089,0.347427515072423,0.332106728190391,ok
wikipedia,m,25,132.330877928841,627.974963640225,1474.68562538137,2599.26616375663,155.152907707691,0.607182410381245,0.370757117494434,0.246151306400742,ok
wikipedia,m,26,127.885045751806,411.340719531678,1236.9656065629,2375.28199736146,153.395555163747,0.428388927866543,0.47815592096356,0.283357552796177,ok
wikipedia,m,27,125.251456995057,699.853048991232,1825.72029662941,2538.69299466228,152.335264156383,0.662206409004779,0.416427384664003,0.143175940952051,ok
wikipedia,m,28,156.427034799342,677.747905365393,1244.68996926093,2597.06838784105,164.050210560042,0.616091391888827,0.263993005626914,0.319422196269884,ok
dan_lenard,m,1,149.245524757482,309.5878554691,2416.89193454757,2889.65641275577,161.500285196711,0.282610622217652,0.892473316603762,0.077588974726931,ok
dan_lenard,m,2,130.706070044971,579.177118899467,2110.45435054276,2627.85463905037,154.515282449824,0.573839956086803,0.561564566541289,0.09522537562493,ok
dan_lenard,m,3,113.968511471298,586.299313279965,1669.15040978835,2336.04155842941,147.616355841408,0.598984905672993,0.454376087901437,0.14598509124786,ok
dan_lenard,m,4,126.710660458779,793.13813539641,1377.74915575799,2379.17444216635,152.924559912199,0.714871592623631,0.239821321597041,0.237256132300823,ok
dan_lenard,m,5,119.92683547471,697.478541734268,1099.61774763898,2561.68423450364,150.145266744896,0.667019205038179,0.197710889794593,0.36728385481975,ok
dan_lenard,m,6,140.0316893724,524.3917893555,680.7742740713,2692.966870824,158.105980288587,0.520707585882883,0.11334725261502,0.597227874968704,ok
dan_lenard,m,8,142.9666758724,323.9600013898,753.4732585646,2205.5938353098,159.202956149689,0.308540264511877,0.366576451270027,0.466457695808288,ok
dan_lenard,m,9,129.429441799243,292.016133455059,1593.6278540654,2440.4431720992,154.010576736633,0.27785629902833,0.736980065686231,0.185081787256331,ok
dan_lenard,m,10,141.456871790139,469.685699436243,1506.10846115212,2297.86338903675,158.640549095967,0.471393132975085,0.506048910967463,0.183467957400752,ok
dan_lenard,m,11,112.752835187089,441.814217980172,1558.25977025716,2164.96583669941,147.089615098475,0.477657676235436,0.547400170841586,0.142811188958342,ok
dan_lenard,m,13,121.7777029264,545.658852540383,680.250386685218,2789.88917141428,150.913739416607,0.558192425001414,0.095747591916765,0.612918153906287,ok
dan_lenard,m,14,143.226202659595,793.512541977961,1260.90226882069,2259.16600225013,159.299231395964,0.697340115074212,0.201127630729405,0.253266717628521,ok
dan_lenard,m,15,135.410588578374,445.559179649379,1357.95230831053,2378.58226264228,156.347303857094,0.454814999244648,0.483979121996642,0.243433658315373,ok
dan_lenard,m,16,132.38312078719,345.376343621241,1062.49935895413,2826.75424233321,155.173322607744,0.347475528021036,0.488036089227946,0.424959375925588,ok
dan_lenard,m,17,144.944238528408,257.283600100614,1772.07789021059,2471.29659593031,159.933646812501,0.206472263922217,0.838070702946081,0.144442063933385,ok
dan_lenard,m,18,134.636037029123,284.209060983886,1225.76899703502,1971.8030051869,156.048630317474,0.260377958636192,0.634770712960039,0.20645489148828,ok
dan_lenard,m,19,114.411926924965,414.281768991748,1794.79568473625,2391.23027648177,147.807550955565,0.447599200858228,0.636719194654163,0.12460638419178,ok
dan_lenard,m,20,135.954407219004,399.083163024577,1355.60285419905,2299.42955584505,156.556324955601,0.406392787633269,0.531069068906209,0.229487634722836,ok
dan_lenard,m,21,125.789214802262,457.990958948849,1129.78642504766,2339.92270662121,152.552966262811,0.477436248274091,0.392139447343131,0.31620515967156,ok
dan_lenard,m,22,128.86063296301,382.929883117248,1545.79806899363,2706.97311106647,153.784633241481,0.396206317942553,0.60603350126017,0.243331181410608,ok
dan_lenard,m,23,139.126725669366,435.571626352689,951.472847129993,2428.4473156924,157.764653962111,0.441049872341207,0.33933681747108,0.406932287022125,ok
dan_lenard,m,24,125.432907201822,521.251420305596,1226.03730934395,2377.43985870127,152.408790721059,0.534037234138238,0.371456434980135,0.28760585321762,ok
dan_lenard,m,25,113.172455664667,686.805514228066,1452.81121037407,2476.08375498309,147.271858570718,0.668714005718841,0.325375408981565,0.231556148511249,ok
dan_lenard,m,26,120.209977583311,485.750242226716,1242.73653749027,2235.92274622,150.263336050461,0.509559999300361,0.407966041304285,0.255077726941025,ok
dan_lenard,m,27,138.020642298453,648.949669651244,1823.13809304868,2379.99304164258,157.345454964688,0.615356813164846,0.448608549715847,0.115756121910449,ok
dan_lenard,m,28,118.649812895195,777.468723698655,1299.09692522941,2365.72674936322,149.610430880475,0.71572105337513,0.222958627771917,0.260323025625569,ok
macquire_university,m,1,109.857379491262,314.737243052076,2374.8958228358,3369.89029212772,145.819610181683,0.334132203382717,0.877696427332022,0.151971198883763,ok
macquire_university,m,2,107.416196009853,323.368010349512,2298.08079176204,2973.11288743289,144.731404727254,0.349134277199457,0.851668238277023,0.111846106677065,ok
macquire_university,m,3,105.960191425236,629.288053695324,2105.9062176011,2908.55230247129,144.074492752234,0.64026238802679,0.524589539579865,0.140237850991949,ok
macquire_university,m,4,105.133276260893,719.539236391899,1631.81617262548,2673.26768248349,143.698726946002,0.699601560291617,0.355616752079752,0.214371215144722,ok
macquire_university,m,5,105.908660660992,383.892891215182,869.719066633702,2802.73383022104,144.0511334369,0.425693390302023,0.355168921019132,0.508202864570181,ok
macquire_university,m,6,107.7251631537,359.0633790449,727.057652246,2709.3242671529,144.870038206351,0.394192538936584,0.306397736138119,0.571292137217477,ok
macquire_university,m,7,107.3399186017,317.163799265,581.0115983507,2679.5585281666,144.697138167157,0.34082366987995,0.262901190441581,0.663878445535081,ok
macquire_university,m,8,111.9194245819,275.3415420688,495.4991745486,2501.4131976753,146.7263150768,0.273363729688271,0.255171194950781,0.703142501560431,ok
macquire_university,m,9,117.06453960715,264.546769187215,2139.30742598015,2406.48811775817,148.94112903124,0.249487820381431,0.907770736675375,0.051110522955937,ok
macquire_university,m,10,111.579993406452,332.40945161741,1995.15434687976,2365.13926575021,146.577833497075,0.355605065581879,0.778303134852778,0.073880219529735,ok
macquire_university,m,16,119.115564298137,267.173950077182,1282.20861618614,2142.0955611981,149.805936990457,0.251265086083551,0.681164579526192,0.222880150344407,ok
university_of_sheffield_female,f,1,264.028973037788,272.406372455993,2722.73898463318,3995.97947002687,195.324497926716,0.144460546248423,0.999788746799836,0.166617238607576,ok
university_of_sheffield_female,f,2,262.130846419421,503.775284136748,2378.20999701459,2901.39723781826,194.855303652922,0.412524625541085,0.674013343735346,0.086356992882632,ok
university_of_sheffield_female,f,3,255.626757513705,647.647747811536,2179.83505781056,2775.51738710408,193.230179913861,0.525263901368676,0.527084773355881,0.104920319328979,ok
university_of_sheffield_female,f,4,250.171306143018,942.430888168954,1790.83013592901,3048.18647665694,191.845678084035,0.691297491855334,0.278804882365148,0.230987137952118,ok
university_of_sheffield_female,f,7,263.0174731462,352.6914862312,562.8851581896,2747.0667407114,195.074748131493,0.257193921322399,0.203024821424771,0.68844941324698,ok
university_of_sheffield_female,f,8,267.2523225127,272.3126443203,689.4409241664,2391.6845199609,196.116146197309,0.142554456942594,0.403429251450717,0.54020683369418,ok
university_of_sheffield_female,f,9,270.11265770237,283.05427095774,2449.34666356324,2775.99218202937,196.813325626613,0.157815212427481,0.93718054424249,0.05436798218168,ok
university_of_sheffield_female,f,10,264.872730976042,517.394251244629,1738.92536870642,2601.64056883876,195.53234298149,0.422602994699403,0.526459344356929,0.174966352835437,ok
university_of_sheffield_female,f,11,263.136409250794,642.855836856925,1689.63851227269,2576.48341645498,195.104147869377,0.517847088973063,0.419680208461911,0.183233551539467,ok
university_of_sheffield_female,f,12,263.719270724658,672.656564836904,1570.88128383387,2624.25944346515,195.248097073412,0.537206575227356,0.36834998027833,0.222863403341594,ok
university_of_sheffield_female,f,13,257.158326058113,471.154622729787,814.408473418815,2883.76199319737,193.615319799253,0.386223738698064,0.23767882703102,0.549117130125199,ok
university_of_sheffield_female,f,14,261.304469392044,742.899493698304,1051.32707376452,2842.79965846224,194.650325290565,0.58167492854042,0.1508077861371,0.432008406088638,ok
university_of_sheffield_female,f,15,261.377049984084,587.869498170358,1581.54343383706,2886.21173932955,194.66834581151,0.479985588751755,0.429800196178708,0.26124706537801,ok
university_of_sheffield_female,f,24,220.08716404413,601.740594409165,1619.22475244252,2709.2427719709,183.824937048897,0.515004884780194,0.429897823397603,0.223540789283765,ok
university_of_sheffield_female,f,27,232.313499690603,971.172875600153,1731.57919050843,2568.40222334779,187.167743098854,0.715065540677427,0.251145813717936,0.171220679214709,ok
university_of_sheffield_male,m,1,133.843119454501,271.527267969761,2298.88651652015,3182.03906469408,155.74168574448,0.241408578709378,0.927704083161667,0.141187973962677,ok
university_of_sheffield_male,m,2,130.040501686436,360.345769714992,2215.84501907476,2916.41094039262,154.25256693765,0.368487028100152,0.788819953618269,0.119309337107684,ok
university_of_sheffield_male,m,3,130.579715375253,594.105217969845,1699.01064776931,2522.4698023442,154.465475984305,0.585031939731045,0.45633273385815,0.171629875180543,ok
university_of_sheffield_male,m,4,129.645830966741,579.113243939283,1195.075637535,2453.93402575141,154.096357490706,0.574971124032028,0.314631896010793,0.312467489412567,ok
university_of_sheffield_male,m,5,113.699239262681,541.24324871255,729.538037710525,2774.89450578446,147.500006955088,0.564600451358414,0.12965544854339,0.580198536340375,ok
university_of_sheffield_male,m,6,116.1979859252,387.5235719626,589.6453756024,2676.3610480163,148.572713274334,0.416359069921018,0.182292772307709,0.656953803636745,ok
university_of_sheffield_male,m,7,120.5380353738,350.1305732996,531.302169015,2423.5728083648,150.399903425174,0.366982477501961,0.181111554010856,0.659114482321123,ok
university_of_sheffield_male,m,8,123.8614204218,290.5439066,566.0169565149,2296.7833724958,151.76962924137,0.282026898487423,0.289617670130379,0.608290593628478,ok
university_of_sheffield_male,m,9,133.137947718256,230.026694259332,1864.04735562309,2849.58269683705,155.467688152961,0.170138097644625,0.908678703115278,0.184324323722426,ok
university_of_sheffield_male,m,10,127.757919563796,349.911748882682,1614.78877841913,2282.6303514229,153.344709872005,0.358289726737929,0.664157197820834,0.15031986492137,ok
university_of_sheffield_male,m,11,127.111912165513,434.765736089758,1248.06230552589,1986.44838390563,153.085810706587,0.453320371530477,0.457980956660805,0.201841018129148,ok
university_of_sheffield_male,m,12,123.756965368639,490.90624780099,1091.95636773477,2264.74105718897,151.726953690071,0.509935821105506,0.347206725793339,0.316813268202189,ok
university_of_sheffield_male,m,13,123.366782332339,587.745558740907,896.202326026855,2809.57419010744,151.567330056113,0.588583755755767,0.183216710664851,0.496234437880684,ok
university_of_sheffield_male,m,14,116.849906633401,597.998856766882,1030.46092882831,2065.97803507822,148.85004755144,0.603951375998428,0.236331175906832,0.302094170279071,ok
university_of_sheffield_male,m,15,123.640842056304,420.268295663633,1451.91159156025,1938.29959590002,151.6794828265,0.442599789587161,0.538413543723857,0.125480732700754,ok
university_of_sheffield_male,m,16,124.569804510001,322.422456693515,1790.10829513531,3257.6353270857,152.058411335293,0.326414833971531,0.744454022278132,0.260023160973189,ok
university_of_sheffield_male,m,24,131.499925948016,499.354771501627,1280.49846821239,2476.8335180444,154.827472410817,0.508561180157039,0.408969859221925,0.286517752901406,ok
university_of_sheffield_male,m,27,132.634160564618,746.470380945711,1518.00442343465,2132.17284445492,155.271346380545,0.681921261264096,0.308260456970855,0.147549370749154,ok
daniel_jones,m,1,178.0775548873,264.031615335862,2393.6759444449,3416.18361444722,171.294170179614,0.187913350265357,0.957409422598587,0.154475849967136,ok
daniel_jones,m,2,175.768031095046,356.476958180297,2146.85345140328,2558.93037815093,170.550429375868,0.320178646216638,0.779770936284242,0.076256070402461,ok
daniel_jones,m,3,174.812266386479,524.996540765234,1978.78543015862,2279.07708484116,170.240736286286,0.489092952891955,0.576242262161823,0.061360310514125,ok
daniel_jones,m,4,175.48192156553,879.010792873503,1678.23081203289,2437.66534043836,170.457840291241,0.712377225951238,0.280857482839945,0.16212239202245,ok
daniel_jones,m,5,176.381651505123,599.718481120497,906.703127083604,2394.20214993697,170.748667313151,0.545590109689633,0.179517681144759,0.421695702903616,ok
daniel_jones,m,6,173.5817953088,526.3988890983,896.9101873059,2183.5293864478,169.840364455306,0.49127405098212,0.23143399277601,0.386410084276651,ok
daniel_jones,m,7,174.7846109231,391.0156507839,721.9514725279,2367.6050920163,170.23175839848,0.361153555617329,0.266313865737217,0.515801258797006,ok
daniel_jones,m,8,178.5967381186,312.731664934756,619.666112019557,1925.10556611167,171.460477443417,0.26100782825605,0.296985889355539,0.492296803373822,ok
daniel_jones,m,9,175.750844452783,258.243322648583,2228.07341663367,2828.3589382544,170.544870373392,0.180190439575609,0.935900396193285,0.103605026531801,ok
daniel_jones,m,10,176.438563254557,353.672565212337,1784.64880612137,2250.6143626553,170.767030070474,0.316197347033115,0.7029513933885,0.100748320275514,ok
daniel_jones,m,11,169.801014937705,524.653685383072,1468.28668743445,2055.10893924044,168.598205724315,0.493019779458744,0.446938133303838,0.146023987156274,ok
daniel_jones,m,12,174.208672621981,671.429944117498,1209.17890932086,1877.49087298938,170.044573964322,0.596437927431063,0.255489857737263,0.191087270911224,ok
daniel_jones,m,13,175.554869562322,678.064722873944,885.319159891072,2674.8385977958,170.481456846258,0.59959400229849,0.115828712954906,0.480197718190958,ok
daniel_jones,m,14,173.903594561806,529.337305286782,1034.70090364025,2591.88309876035,169.945254031658,0.493423461387024,0.291082326201159,0.398800581362287,ok
daniel_jones,m,15,171.456207374281,472.388287920044,1091.3036472477,2305.52309296689,169.144257823577,0.446041862694657,0.363646485194415,0.324823869968584,ok
daniel_jones,m,16,177.18754955195,305.046950939712,1198.5105271834,2524.62969432764,171.008325786774,0.251349433252002,0.594275164624404,0.323555832981467,ok
daniel_jones,m,17,173.897261386156,287.670370364254,2033.62855342719,2563.70692166736,169.943190999335,0.228591363804927,0.849376498536328,0.100596744904571,ok
daniel_jones,m,18,179.443665326782,260.594953480512,1639.00871336997,2090.3127132617,171.731078885559,0.181117102834454,0.79861526121032,0.105629999549115,ok
university_of_victoria,m,1,135.0512196756,255.063873104071,2521.98508987138,3429.96271784044,156.208870229047,0.21294325869416,0.995093564576365,0.133546884812421,ok
university_of_victoria,m,2,120.641802931768,437.194386126863,2345.33429989952,3095.9573018059,150.443049292958,0.463302449230058,0.729530178371466,0.120590207389332,ok
university_of_victoria,m,3,123.395510401875,779.229869888513,1809.97348121453,2523.72134681229,151.579094159795,0.711026284432418,0.366006620043988,0.144369189337052,ok
university_of_victoria,m,4,116.298346034132,963.46373304667,1507.25304198887,2600.93672840717,148.615475010752,0.811771337540548,0.194350797573132,0.236943618429408,ok
university_of_victoria,m,5,113.183033277263,755.592111625811,1249.70023426073,2591.97287005867,147.276446660423,0.71015411784617,0.218518435989404,0.316824600269237,ok
university_of_victoria,m,6,110.3699409721,611.911955782873,855.420660460494,2489.3956002255,146.046041868441,0.622199147455895,0.145490796600271,0.463914182337546,ok
university_of_victoria,m,7,113.8329545616,427.849121609198,781.752540621997,2670.763665707,147.557806464825,0.462328454147701,0.261778656630503,0.533566157927099,ok
university_of_victoria,m,8,123.1787900179,376.586460544521,893.375684168468,2441.87467275945,151.490302355586,0.395479869335072,0.375169425979602,0.436689242665731,ok
university_of_victoria,m,9,132.383254594994,262.229696105692,1747.9952374668,2051.47207566647,155.173374888816,0.227864665888337,0.823858373376567,0.069525364756288,ok
university_of_victoria,m,10,125.118289368517,353.268930971327,1480.19120758325,2388.33556968372,152.281257281679,0.365458990283615,0.622212376036266,0.207777526523357,ok
university_of_victoria,m,11,114.332795930599,450.722283839933,1405.87480044109,2382.32262874829,147.773466933285,0.484312567763447,0.494037616256286,0.229053929450493,ok
university_of_victoria,m,12,115.641640978566,581.790581671451,1510.44388578987,2508.03685169371,148.335216474814,0.593522416642412,0.414337909135293,0.220229317968015,ok
university_of_victoria,m,13,104.613452353118,580.556601703042,767.48045978645,2619.47610848923,143.461499530929,0.607109201946507,0.121222759129816,0.533147114661882,ok
university_of_victoria,m,14,113.238586395136,639.513677953588,1301.96057231305,2449.45724598123,147.300538397318,0.637645503395487,0.308747994924919,0.274472030918169,ok
university_of_victoria,m,16,138.228987646548,344.013809981176,1676.09751992671,2628.92109635053,157.424587360393,0.339503313493638,0.687723406365965,0.19547826805037,ok
university_of_victoria,m,17,123.643627630812,343.335753607219,1896.47794115832,2579.14262359748,151.680621908918,0.354788930807188,0.742228764116626,0.133527563202005,ok
university_of_victoria,m,18,127.950636662452,279.823581302178,1784.04430081046,2125.8977466599,153.421775676765,0.260997305689743,0.804521323856873,0.07613673716943,ok
university_of_victoria,m,19,109.657246145527,389.120795915212,2016.38594788691,2635.90145369142,145.731007103126,0.42653247538125,0.714489220623896,0.116355507414348,ok
university_of_victoria,m,20,115.555305370015,277.023188635019,1761.63765730174,2086.67632166726,148.298292637096,0.271379972835717,0.803400461490822,0.073538502627738,ok
university_of_victoria,m,21,118.383604973987,364.006051080694,762.385528469169,2149.76834755802,149.498456254657,0.386471895146289,0.321066040736726,0.450217020224566,ok
university_of_victoria,m,22,121.943734529601,408.038243016338,2132.73552135302,2625.17425341657,150.982293486312,0.431774850649605,0.718236133457537,0.090221133918064,ok
university_of_victoria,m,23,113.583585344169,384.194225898082,949.261824187701,1965.78750521213,147.449978062366,0.415906121236531,0.39283518199111,0.316150554810179,ok
university_of_victoria,m,24,110.427045952781,561.895649935493,1190.42676040793,2364.48677011399,146.071225411428,0.585090997265294,0.326047011209037,0.298034207262822,ok
university_of_victoria,m,25,112.895795160179,636.412654500368,1554.44026751102,2897.52831016764,147.151754102172,0.635973363206523,0.387835231441782,0.270453649848495,ok
university_of_victoria,m,26,116.14660125453,496.845932889604,757.282570228753,2074.86160668775,148.550809608492,0.524346716027294,0.183036222031017,0.437731173434565,ok
university_of_victoria,m,27,110.230639877479,883.056204133821,1551.61344465631,2689.11617718613,145.984573022852,0.781681382154766,0.244795187961385,0.23882603125481,ok
university_of_victoria,m,28,106.785329924622,785.372140000824,1224.9199387845,2683.7375081367,144.447507532167,0.735365438791589,0.193032212775146,0.340632331977593,ok
john_wells,m,1,138.147993750359,263.147254642199,2076.25299745254,3391.03068739447,157.393834231006,0.223211128236545,0.897081428966244,0.213051447533619,ok
john_wells,m,2,121.844734967584,404.067810181147,1995.92727749676,2595.2152243239,150.941424288868,0.427645810318697,0.693690459513664,0.114028666716515,ok
john_wells,m,3,129.785569921341,633.497344404071,1704.56015117716,2443.8145405983,154.151701941606,0.613796474676891,0.429867532708883,0.156455913125254,ok
john_wells,m,4,128.288101458523,996.404790822926,1448.94181211976,2373.21292306912,153.556538578239,0.812167493174587,0.162615138036686,0.214285759533119,ok
john_wells,m,5,129.736954692676,530.894723041031,940.410493474232,2639.12040548528,154.132452097018,0.537114320919319,0.24830905792491,0.448141738126025,ok
john_wells,m,6,116.7756915272,410.2643047712,800.1451167941,2527.4098426262,148.818527738311,0.440406728878038,0.290105026500789,0.499506913327302,ok
john_wells,m,7,131.3642158903,382.8309046604,586.0185793911,2405.0126873854,154.77419258998,0.393308442554843,0.184904395636761,0.613205986489792,ok
john_wells,m,8,121.9545012657,218.89003209957,652.754843172802,2112.9944938872,150.986736898064,0.161287185631933,0.474524117848411,0.510148262560885,ok
john_wells,m,9,128.452266708257,216.192310482833,1799.43188974798,2169.80057893075,153.622010751201,0.148386797655861,0.920295169902497,0.081284407907718,ok
john_wells,m,10,125.461377185207,356.133868846027,1495.3738090068,1866.91481132528,152.420320782806,0.368570406366782,0.623136492176858,0.096374731380953,ok
john_wells,m,11,115.9260499445,631.235676427646,1396.74086293689,1795.09536434741,148.456722092655,0.628591669372013,0.34492430249388,0.108971686382635,ok
john_wells,m,12,109.154283863086,653.830689176399,1278.97616130611,1733.59212777392,145.507858603371,0.652578852042647,0.291397148368759,0.132084476401221,ok
john_wells,m,13,124.864019132795,541.815626425867,811.607320315502,2571.45191789459,152.178030032054,0.551499568509691,0.175494429208595,0.500832452598949,ok
john_wells,m,14,124.484064415434,569.916614843087,1029.77826615932,2659.10006433504,152.023516589718,0.573900543833833,0.256932403452499,0.411990958885643,ok
john_wells,m,15,123.891020955816,316.592764881418,1059.51223775602,2311.68661738946,151.781718300885,0.319281520565856,0.524604991661924,0.338822981493353,ok
john_wells,m,16,134.174078847561,266.661387295016,1101.42990638558,2154.28888999145,155.869949707873,0.233197738901084,0.615996730231619,0.291347077315892,ok
john_wells,m,17,124.302744323614,304.92834044638,1730.86596649511,2237.57085698932,151.949669621453,0.302498030002668,0.754065648456777,0.11151335837065,ok
john_wells,m,18,125.332610481645,251.743046018127,1498.7675723289,1996.67868128608,152.368157636099,0.218063266434496,0.774776805300211,0.124573892928072,ok
john_wells,m,19,136.666163519221,375.426871832486,1913.17056093139,2444.47661009145,156.829053786003,0.379098832593868,0.70722833472733,0.10643219657524,ok
john_wells,m,20,125.883981308193,284.076203575948,1526.96493830542,1988.60134160038,152.591266532644,0.269905177623121,0.730394209660393,0.114718663037576,ok
john_wells,m,21,131.571315731205,384.381509964296,804.393403622101,2296.85558949724,154.855485354577,0.394835894759718,0.320706012052084,0.455665190064937,ok
john_wells,m,22,119.77886918511,356.263337229597,1269.28955730438,2377.29621947587,150.083491354603,0.375438207722379,0.551789575280818,0.272522592681581,ok
john_wells,m,23,119.461628387667,336.655949269425,1279.19237320233,1934.17880519227,149.950872795038,0.351237295644878,0.579749567820249,0.179560758567171,ok
john_wells,m,24,116.560594044743,473.061120533386,1278.75942514742,2536.62487206696,148.727098421948,0.502527150969213,0.431871591555105,0.29746739875711,ok
john_wells,m,25,128.888987491613,570.141004840372,1164.3875067208,2608.22189000854,153.795912018387,0.569037484986638,0.310115260220781,0.350246998455222,ok
john_wells,m,26,116.93121414129,601.197263848749,1327.69216944016,1922.44212420704,148.884564253909,0.606167321170628,0.344080398478281,0.160755880233486,ok
john_wells,m,27,127.438214412897,931.799182789974,1722.53992089905,2507.27122536596,153.216691599461,0.784016244820424,0.266846970506424,0.16303202079819,ok
john_wells,m,28,121.48729938658,497.929125708285,1205.07166792151,2641.35693717117,150.79368249723,0.518784383358674,0.383845345501993,0.340814217126134,ok
jonathan_dowse,m,1,101.73057455426,217.505554183829,2363.5458382846,3237.04552350586,142.131395542402,0.184780331244883,1.0360936778681,0.136584777685849,ok
jonathan_dowse,m,2,108.770760442001,528.189135046981,2255.5316677616,2926.70231736416,145.337240291229,0.560412554024317,0.630459465548729,0.113129622449632,ok
jonathan_dowse,m,3,100.92969557621,671.751212586203,1969.17932096859,2847.63404766052,141.757433661386,0.675662616792957,0.467076807392367,0.160198910477914,ok
jonathan_dowse,m,4,103.183088009807,923.081657697843,1588.76437104737,3049.88264252056,142.804654062759,0.810497759798811,0.235819370651101,0.28322363634453,ok
jonathan_dowse,m,5,100.553567673813,602.088161782668,1045.85091081723,2839.44391771297,141.581121834669,0.628654739032053,0.239809690741245,0.43376351632491,ok
jonathan_dowse,m,6,102.8977403969,521.3890787485,824.7858731191,2708.28891547,142.672892844838,0.562820462884218,0.199179283771506,0.516353778481034,ok
jonathan_dowse,m,7,108.0631138884,408.373039798689,611.559173263022,2614.29540961031,145.021373407192,0.449625049120003,0.175381422021873,0.630916175449686,ok
jonathan_dowse,m,8,104.0627354046,279.4870898584,600.8057261207,2596.0809160642,143.209314868444,0.290390484615253,0.332372311521695,0.635584161504438,ok
jonathan_dowse,m,9,102.686337600008,217.123493076967,2232.17596823674,2883.06487973745,142.575118985128,0.182663074595011,1.01202161088865,0.111125987568969,ok
jonathan_dowse,m,10,105.977700227114,336.930884112773,2050.18202158668,2616.52633415219,144.082427910981,0.368929803459817,0.784251599230095,0.105932689281879,ok
jonathan_dowse,m,11,97.4163457120199,586.442669367664,1872.26498667252,2647.09733752662,140.093117326825,0.621808762663184,0.504141753711814,0.15040259560735,ok
jonathan_dowse,m,12,103.40369973081,684.80056574487,1335.44772531382,2428.7385426314,142.906356628487,0.680512563353246,0.290062782233132,0.259753872172408,ok
jonathan_dowse,m,13,103.047929388439,537.978318098662,660.262808868618,2623.89945311459,142.742273963447,0.576212161813833,0.088952062281056,0.599230353891348,ok
jonathan_dowse,m,14,102.07771343678,559.93498812246,1051.8526411465,2904.82604557211,142.292878686786,0.594954440138462,0.273817296089224,0.441165228165121,ok
jonathan_dowse,m,15,105.852230983032,513.2221742487,1133.43035752825,2946.29373503947,144.02554471056,0.551865885790138,0.344089428289552,0.414881201784113,ok
jonathan_dowse,m,16,105.398051734821,291.574803416646,1158.0735481235,2494.96758720899,143.819259675537,0.306932942643793,0.598986150395761,0.333328766073328,ok
jonathan_dowse,m,17,100.488596907052,304.574724368927,1777.82051950157,2260.12635303187,141.550621952392,0.332782077927606,0.766194054636087,0.104244804693085,ok
jonathan_dowse,m,18,105.677831295064,276.051537846171,1716.13168262587,2223.47717749153,143.946403511924,0.282789352338643,0.793560438299791,0.11248206688586,ok
jonathan_dowse,m,19,108.429167306275,370.962078215071,2006.69521788721,2789.99526084633,145.184937517352,0.407407953903785,0.733151899803207,0.143122049855511,ok
jonathan_dowse,m,20,105.561648606383,285.141384679742,1897.13114606607,2345.12699039963,143.893632391212,0.297018678378232,0.823037099849606,0.092069010955981,ok
jonathan_dowse,m,21,106.156164775681,431.395935385677,932.030148099835,2487.9490644192,144.163259963813,0.476021454414169,0.334553911713258,0.426411524259227,ok
jonathan_dowse,m,22,105.930838228821,403.511250001993,1676.0277001074,2369.52872468885,144.061187637678,0.447308656702807,0.618425544567854,0.150380785774779,ok
jonathan_dowse,m,23,107.505959239094,432.501848988441,1045.00679054581,2469.90730459869,144.771708832805,0.475304267771552,0.383131144082962,0.373561541992368,ok
jonathan_dowse,m,24,103.998009226666,566.217874795034,1448.73611459853,2539.57039851522,143.179617032636,0.597102378921641,0.408005711116211,0.243770969753122,ok
jonathan_dowse,m,25,102.675187713965,700.080596614452,1491.23644689459,2809.31153046435,142.56995843535,0.691120017953234,0.328398468667241,0.275053392090511,ok
jonathan_dowse,m,26,102.417179295021,667.718802611844,1441.40490664205,2612.65301381756,142.450438797097,0.670929814554652,0.334192390183535,0.258295738856518,ok
jonathan_dowse,m,27,99.7690668631499,925.607108214694,1904.78218787603,2799.15461799565,141.211963329924,0.816555189879027,0.313418640084837,0.167181567209661,ok
jonathan_dowse,m,28,103.629090679401,675.655795387531,1409.88748092308,2657.63784108077,143.010113150734,0.674358755981811,0.319458947995236,0.275311344661943,ok
peter_ladefoged_1,m,1,122.516610103112,299.101344075971,2284.15560926297,3260.39369868298,151.218355838616,0.296213852860221,0.882907322483183,0.154544357997306,ok
peter_ladefoged_1,m,2,114.21183184568,401.121478300012,2330.81563373236,2699.70565892497,147.721333773005,0.433832696940518,0.764232005244876,0.063808494454377,ok
peter_ladefoged_1,m,3,114.89600169153,517.217310914551,1848.29788186307,2508.4658067489,148.015714665385,0.543365225585462,0.553098913819803,0.132636219659996,ok
peter_ladefoged_1,m,4,121.764713605841,825.958725353502,1289.49974326607,2460.39788616217,150.908373528349,0.738245007025271,0.193462914623338,0.280584085222288,ok
peter_ladefoged_1,m,5,105.149866947125,692.52547614226,1016.17065508075,2848.83081421453,143.706285399995,0.682959990907058,0.166530894672006,0.447700008989228,ok
peter_ladefoged_1,m,6,108.9384293572,457.4434459451,810.8713624012,2804.4177512001,145.4118805308,0.49773751862179,0.248614553092615,0.538890744732657,ok
peter_ladefoged_1,m,7,103.9672249687,345.4817773489,691.5016931906,2666.8167040887,143.165488194102,0.38258680663237,0.301368102665346,0.586199918896813,ok
peter_ladefoged_1,m,8,108.2855403374,321.7632277078,756.699906472,2435.9565036432,145.120804446359,0.345806732676686,0.371387270470231,0.507745848993681,ok
peter_ladefoged_1,m,9,142.526879075093,315.915898174058,2238.26488676494,2675.71264614719,159.039540750998,0.298066368952634,0.850339999758406,0.077527989563395,ok
peter_ladefoged_1,m,10,118.644338231134,419.122456819284,1831.30304039263,2782.41457959378,149.608129768694,0.447385737287797,0.640419285235158,0.181661623889885,ok
peter_ladefoged_1,m,11,106.76222412241,533,1320,2170,144.437088447154,0.567048483661697,0.393846722179278,0.21588580264268,ok
peter_ladefoged_1,m,12,111.343686881101,595,1160,2000,146.474285127418,0.608755578632373,0.289941023498369,0.236572006437063,ok
peter_ladefoged_1,m,13,114.469378060601,488.566798723053,686.752860011377,2687.15348899036,147.832286985953,0.519154654967852,0.147876526215617,0.592491997111664,ok
peter_ladefoged_1,m,14,113.286362879335,533.661964931279,838.720535668337,2853.32605091967,147.321251337934,0.559000851870927,0.196351025697914,0.531734124890103,ok
peter_ladefoged_1,m,15,115.563043734538,429.514060691096,954.126260694057,2763.74598920235,148.301602915313,0.461831540466106,0.346628463642269,0.461892276104771,ok
peter_ladefoged_1,m,16,117.873296548347,374.342269693398,1139.52579440061,2889.39738266682,149.283335799337,0.399257538209745,0.483455291139002,0.40408311469622,ok
peter_ladefoged_1,m,17,127.409341999227,350.618555439399,2225.11961374806,2713.88995677994,153.205119796231,0.359561617346994,0.802518465817451,0.086238871921249,ok
peter_ladefoged_1,m,18,114.090728582079,344.086918820816,1940.97823438457,2403.03858184551,147.669103742624,0.367378523330502,0.751352503024835,0.092740078297083,ok
peter_ladefoged_1,m,19,147.294596373022,405.417921958666,2265.3000786857,2779.86114531806,160.793489171873,0.401634483885795,0.747222796811933,0.088897363280965,ok
peter_ladefoged_1,m,20,124.857710603213,372.244417485349,1855.12772234009,2412.19518615653,152.175467148636,0.388483549774002,0.697545622006112,0.114038631031534,ok
peter_ladefoged_1,m,21,161.205726871755,413.623169990999,665.648146109221,2580.11910849189,165.70400675454,0.397271848836432,0.206639868088037,0.588395028380845,ok
peter_ladefoged_1,m,22,122.708242705574,420,1400,2550,151.297156776875,0.443418523694716,0.522878745280338,0.260412144755717,ok
peter_ladefoged_1,m,23,110.642088815455,450,1250,2450,146.165982410462,0.48836620387885,0.443697499232713,0.292256071356476,ok
peter_ladefoged_1,m,24,91.287395259915,450,1100,2400,137.091267861873,0.516202720839795,0.388180171382881,0.338818556553381,ok
peter_ladefoged_1,m,25,123.464165621983,440,1360,2500,151.607200980964,0.462732846746715,0.49008623188403,0.26440110030182,ok
peter_ladefoged_1,m,26,111.891104638067,435,1300,2450,146.713938221609,0.472017881998993,0.475454095352199,0.275222732057696,ok
peter_ladefoged_1,m,27,120.289250507723,623.770301782185,1502.13574181058,2489.86946270483,150.296359367518,0.61807623300717,0.381684486046954,0.219467398934929,ok
peter_ladefoged_1,m,28,119.763800994303,545,1150,2450,150.077197585821,0.560081790812398,0.324301338076969,0.328468244010921,ok
peter_ladefoged_2,m,1,92.1595220707274,286.169244141332,2112.96159769076,3273.53615759595,137.526458395794,0.318236697295906,0.868268647572842,0.190125538271705,ok
peter_ladefoged_2,m,2,92.6963463131403,417.104814583639,1938.53453593262,2739.99434886572,137.792969658491,0.481018142898465,0.667228339702531,0.150276124526532,ok
peter_ladefoged_2,m,3,90.4283364053292,598.470535062611,1654.50353956739,2501.59918792838,136.659879959772,0.641401738422715,0.441624927275109,0.179550026647651,ok
peter_ladefoged_2,m,4,91.265357637038,747.315255788418,1215.8124880767,2528.15216765664,137.080235273357,0.736529006943137,0.211362751787339,0.317936610392229,ok
peter_ladefoged_2,m,5,91.0819428238112,588.094648947752,936.550915442175,2885.65183613207,136.988344227602,0.632763611385296,0.20208416491378,0.488712538084177,ok
peter_ladefoged_2,m,6,92.0610423079,441.346571381135,742.813849295169,2500,137.477454958803,0.50654827340685,0.226100235187564,0.527060016382432,ok
peter_ladefoged_2,m,7,91.8586899778,347.523638373873,787.816985445311,2300,137.376654845599,0.403071413416883,0.355440989612793,0.465302495993252,ok
peter_ladefoged_2,m,8,94.7317925235,385.818327302302,750,2323.57138004962,138.794238843628,0.444011414303279,0.288678409557115,0.491094755142793,ok
peter_ladefoged_2,m,9,94.5136156433603,260,1740,2400,138.68760455799,0.272935700975602,0.825575900311782,0.139661993429006,ok
peter_ladefoged_2,m,10,93.0254942042658,429.512123116971,1581.04903122686,2307.11781018638,137.955869604522,0.493235243317368,0.565969911967705,0.164124433402329,ok
peter_ladefoged_2,m,11,93.2635991289243,513,1300,2250,138.073471725251,0.570007120204791,0.40382598719502,0.238239165804526,ok
peter_ladefoged_2,m,12,92.417432078466,538.090930831438,1200,2100,137.654628960666,0.592064852212131,0.348325573687163,0.243038048686294,ok
peter_ladefoged_2,m,13,90.4676760998008,538.278149883963,877.05306413446,2713.74897736941,136.679694465993,0.595302751720893,0.21201911915133,0.490543802628491,ok
peter_ladefoged_2,m,14,93.6180088456872,558.47759390629,1076.04957939063,2697.57183502784,138.248147682379,0.606346432806115,0.284826528145794,0.399140736486471,ok
peter_ladefoged_2,m,15,90.5037039411161,440,1000,2800,136.697835828814,0.507691037522199,0.356547323513813,0.447158031342219,ok
peter_ladefoged_2,m,16,103.745807163106,375,1140,2930,143.063783327722,0.418501561931741,0.482873583608754,0.409962769017637,ok
peter_ladefoged_2,m,17,112.545500862084,337.566681092858,1827.03661557935,2281.85024485091,146.999401733438,0.361044006584389,0.733387677301183,0.09653988766028,ok
peter_ladefoged_2,m,18,104.052446648676,344.086918820816,1940.97823438457,2403.03858184551,143.20459497762,0.38071120901076,0.751352503024835,0.092740078297083,ok
peter_ladefoged_2,m,19,105.073584509319,320.540876174475,1931.47612315564,2585.23986348514,143.671525749871,0.348512715837245,0.780005924074656,0.126611500189799,ok
peter_ladefoged_2,m,20,107.205309142674,371.513891202826,1855.54892447588,2411.90002898792,144.636627124682,0.409696771365065,0.698497352675465,0.113886893043779,ok
peter_ladefoged_2,m,21,100.018534940384,416.701310468198,1103.41526207767,2366.22368997172,141.329563426801,0.469591848850391,0.422914120426243,0.331316811398762,ok
peter_ladefoged_2,m,22,94.3307937344797,438.985717374513,1562.63845516736,2437.69627889383,138.598123627848,0.500693039737723,0.551408117234649,0.193121086671471,ok
peter_ladefoged_2,m,23,94.4097112332992,374.899405866451,1503.09773198671,2119.58208142683,138.636763425929,0.432036341250408,0.60307246733716,0.149263019911336,ok
peter_ladefoged_2,m,24,96.1504104184455,508.075143170778,1389.74396043256,2561.86678310665,139.483628104817,0.561404712938465,0.437006847140917,0.265621747361089,ok
peter_ladefoged_2,m,25,101.398368141305,455.777985377054,1345.42416427084,2379.00163813822,141.976514373179,0.506536834683746,0.470105879084936,0.247535517592924,ok
peter_ladefoged_2,m,26,99.2005508037009,424.903682267542,1335.56698065443,2285.51835110458,140.943228589114,0.479246279088356,0.497375178657362,0.233319039305978,ok
peter_ladefoged_2,m,27,87.8684183899397,606.842845089196,1640.18751628588,2436.21363667086,135.357957033564,0.651592444898123,0.431817266284396,0.171821867730414,ok
peter_ladefoged_2,m,28,95.0667010642609,630.27900025716,1220.31141248143,2657.86912334615,138.957607810571,0.656650508452343,0.286937835389202,0.338062919095089,ok
bruce_hayes,m,1,148.503750671257,287.000880797121,2375.92933620133,3266.03751305778,161.232279961428,0.250431234252173,0.917950290341476,0.138187648735111,ok
bruce_hayes,m,2,141.291743371821,439.237754745848,2180.1465543382,2788.77439480397,158.578795850415,0.442454547129181,0.695786025941872,0.106927693465034,ok
bruce_hayes,m,3,140.487323514333,607.315332268098,1898.55238215324,2512.39823451884,158.277276017303,0.583995678083062,0.495008338627017,0.121665895474236,ok
bruce_hayes,m,4,137.221638407992,861.359640634532,1456.43430196053,2527.37031790136,157.041241987267,0.739170797557071,0.228106380037829,0.239377981824242,ok
bruce_hayes,m,5,132.665628281524,770.742369785334,1101.52076830227,2205.90887210776,155.283624887566,0.69578357346066,0.155083455862296,0.301594877573251,ok
bruce_hayes,m,6,141.1626978553,581.2390563881,883.245805447,2241.2239360098,158.530503064241,0.564241951275383,0.181726794591713,0.404403668396522,ok
bruce_hayes,m,7,145.1863001583,427.4635266891,788.918654678,2170.0459037661,160.022628774307,0.426717663971383,0.266133160975084,0.439436695275823,ok
bruce_hayes,m,8,152.2531337772,300.6996262171,750.6964273968,2349.297033246,162.577934343768,0.267071286989643,0.397331460787704,0.495473581207634,ok
bruce_hayes,m,9,149.985164155393,361.716858299751,2168.75767672877,2491.87954855245,161.766636424466,0.349479794706167,0.777842279294647,0.06031601634136,ok
bruce_hayes,m,10,144.74464422519,445.254298615121,1645.32130789575,2032.18402530714,159.860201307033,0.444867765433486,0.567642601154363,0.091712311002383,ok
bruce_hayes,m,11,142.443343167632,557.780177892095,1587.60584567064,2048.55785752143,159.008463317593,0.545042835957053,0.454279612871191,0.110705544923697,ok
bruce_hayes,m,12,141.655619038282,577.213407408373,1491.38567173952,1931.71649812251,158.714811112866,0.560718953664565,0.412253556104549,0.112353422629943,ok
bruce_hayes,m,13,139.194636457141,643.842864815759,865.02462870798,2007.51847577518,157.790319242264,0.610699532287339,0.128248585609843,0.365631078171128,ok
bruce_hayes,m,14,143.067038730184,709.372532948994,1305.04491935082,2392.51703697562,159.240201020753,0.648821651334784,0.264751091759934,0.263229578796452,ok
bruce_hayes,m,15,152.241213283825,601.59398698241,1609.92686789021,2580.92286444134,162.573691278899,0.568253220154354,0.427502661564199,0.204968876725647,ok
bruce_hayes,m,16,167.715901073821,367.946038551093,1769.47156347117,2740.21074699274,167.905246926649,0.340719863743263,0.682059456136793,0.189940377636702,ok
bruce_hayes,m,17,141.59038873833,372.71460850035,1901.8929112162,2468.75378946086,158.690445437978,0.370825636012479,0.707809644518812,0.113291719877984,ok
bruce_hayes,m,18,151.009549278736,326.504695378428,1503.3104633214,2261.73234098111,162.134084981256,0.304015106207446,0.663159249112218,0.177392527900108,ok
bruce_hayes,m,19,144.930904597506,367.675448965932,2209.41519861672,2796.53572395495,159.928742375655,0.361538109290163,0.778812705797685,0.102343034329668,ok
bruce_hayes,m,20,147.183769400062,384.423007935115,1809.20836118134,2167.61529934042,160.753151129595,0.378649877700213,0.672679213606934,0.078493621511624,ok
bruce_hayes,m,21,148.458655563457,346.227158483238,904.079132001425,2322.28670320596,161.215958211768,0.33195310255769,0.416845313484958,0.409709390576447,ok
bruce_hayes,m,22,141.055291253666,417.247450184839,1961.74363014309,2376.84362361064,158.490285775535,0.420391042880821,0.672248559743526,0.083358358618424,ok
bruce_hayes,m,23,146.558254629305,498.539611760877,1600.81710721065,2233.01408994625,160.525100044847,0.492156721888475,0.506642045617692,0.144549746643519,ok
bruce_hayes,m,25,140.238138285794,560.39937736152,1701.05316992147,2497.37457829296,158.183640757935,0.549336077035022,0.482220244507638,0.16676579796494,ok
bruce_hayes,m,26,141.664852879324,621.547792088409,1487.26841323458,2210.81302732085,158.718259653545,0.592847635262553,0.378914826386903,0.172162660573501,ok
bruce_hayes,m,27,130.565126228791,727.211800549323,1756.30865887054,2550,154.459723167908,0.672845665483359,0.382939924854945,0.161939337961533,ok
bruce_hayes,m,28,132.506999397183,696.839486194894,1461.71789026038,2351.29204211199,155.22170909537,0.652180290859216,0.321730810552987,0.206443011586868,ok
jill_house,f,1,188.05587622807,314.975597295447,2616.76317696026,3803.26176683892,174.435613617875,0.256641750859658,0.919487511607455,0.162391797820499,ok
jill_house,f,2,199.059077184373,401.123886829581,2601.38960623904,3038.70257081066,177.773429213009,0.353411674932439,0.811926875821379,0.067482792572482,ok
jill_house,f,3,183.23691273456,895.037547507657,2038.47421888777,3126.47046770742,172.932721620428,0.713964078212498,0.357463968505166,0.185749107550712,ok
jill_house,f,4,182.203177894633,1196.75256517259,1599.10557840717,2888.72211004883,172.606906976027,0.840946196742069,0.125872771255488,0.256828627196981,ok
jill_house,f,5,180.233247610484,700.79128220737,950.963968198963,3054.17601725994,171.982592214255,0.610104200019215,0.132575371331571,0.506730000623902,ok
jill_house,f,6,195.1153992367,599.3158584298,893.8495058104,2973.9282138036,176.591598088656,0.530685732885191,0.173608634702562,0.522066076721963,ok
jill_house,f,7,162.3971614768,347.6741308007,843.5829661159,3043.7949798901,166.111231947271,0.320773378427952,0.384955424176669,0.557287594673193,ok
jill_house,f,8,210.9416160228,319.0847362899,618.6094757223,2450.9716664709,181.242597386158,0.24564575239441,0.287510538327579,0.597921722639976,ok
jill_house,f,9,205.574057440244,364.851541968146,2163.39541253751,2794.19935553989,179.692088779358,0.307587228999467,0.773019718408001,0.111121483695117,ok
jill_house,f,10,190.974025562239,368.112249069283,1892.14375256858,2880.26411775502,175.333252304565,0.322115980265687,0.710973859147404,0.182478185875931,ok
jill_house,f,11,183.720180514818,728.366634383144,1403.8937600984,2840.18202412374,173.08461868686,0.624091567421919,0.284984200667391,0.306011930664152,ok
jill_house,f,12,185.299726805068,737.525113019834,1378.70097331517,2472.03544064491,173.579239322606,0.628279031975341,0.271693269386717,0.253584610592093,ok
jill_house,f,13,188.455459951837,582.972972442399,855.913537948818,3030.99792267974,174.559073949585,0.523705991358284,0.166781475008524,0.549155743071484,ok
jill_house,f,14,175.807946540261,851.461410932347,1258.11814564633,3014.45561141724,170.563338589272,0.698279281826776,0.169556456067302,0.379487466998581,ok
jill_house,f,15,198.811118287325,415.000393053981,1312.88039413414,2911.41806633443,177.699583766784,0.368362097499786,0.50017665480986,0.345879409770512,ok
jill_house,f,16,189.611999939025,371.739701357771,1469.95684147015,2932.29767230759,174.915432187576,0.327410818227635,0.597065638166415,0.299903471754546,ok
jill_house,f,17,194.39841596733,371.933828276909,2035.80430693376,2910.23943937399,176.375027747583,0.324028585197586,0.738270348536336,0.15519269312826,ok
jill_house,f,18,197.89460846104,378.302700548117,2137.46948069832,2832.14171924044,177.426100869744,0.328821932992725,0.752060480929416,0.122215059000141,ok
jill_house,f,19,190.249519656511,423.271403089678,2529.77245085557,3216.20655103754,175.11124836902,0.383304883689014,0.776462530993787,0.104262473396706,ok
jill_house,f,20,208.204773588417,407.556752511881,2054.46434671207,2755.75354824523,180.455344367928,0.353818344385822,0.702510515849736,0.127541766380842,ok
jill_house,f,21,192.517321964764,414.990389804829,769.177020975961,3005.32012713388,175.804285878411,0.373008581198381,0.267988261695051,0.591864438622383,ok
jill_house,f,22,184.599460998942,380.060299138381,1714.30644932506,2940.52942197566,173.360305654424,0.340902841817674,0.654235953142383,0.234337070184058,ok
jill_house,f,23,173.293246388527,373.271136806194,1740.06093610047,2999.59284678653,169.746202441584,0.342224342365767,0.668540047933517,0.236497851921335,ok
jill_house,f,24,190.157205756897,636.93899093334,1492.39571946533,2983.36763187807,175.082920978188,0.560854052012768,0.369786159191664,0.300822778815157,ok
jill_house,f,25,158.782631711606,783.35740056687,1304.20213538711,3341.32804913658,164.869575505667,0.676819430916811,0.22138495628171,0.408574209496987,ok
jill_house,f,26,173.119175454688,701.252780314878,1308.22531824247,2984.90979513288,169.689347409994,0.616220016686873,0.270807953679929,0.358248661323709,ok
jill_house,f,27,178.783907296884,1136.20475858117,1679.97515219432,3085.49452316387,171.520353326739,0.821140941182738,0.16984625447657,0.264021921560252,ok
jill_house,f,28,184.530544101474,758.343472091081,1278.44248274313,3093.5062961752,173.33872931568,0.640970344079102,0.226815241188249,0.383769810422006,ok
jurgen_handke,m,1,186.325167063357,303.518652541734,2771.19250834182,3283.02733716046,173.898843691535,0.241888691266005,0.960481310747756,0.07360780276952,ok
jurgen_handke,m,2,179.455482334246,363.013076238039,2708.7094237053,3113.09009296899,171.734848504829,0.325063837896482,0.872840149461206,0.060429270693545,ok
jurgen_handke,m,3,173.343492705834,595.836721694457,2241.51180032532,3013.06522029114,169.76260680725,0.545285230012629,0.575413764054238,0.128467502909576,ok
jurgen_handke,m,4,168.927575180014,750,1780,2900,168.308624420963,0.648954892855755,0.375358738917194,0.211977995590062,ok
jurgen_handke,m,5,167.250105367376,575.154412659384,915.792184471639,3204.2095480208,167.74966227813,0.535122801604939,0.202012476759685,0.543923977349327,ok
jurgen_handke,m,6,165.5650034841,481.0562622196,673.0548250383,3082.3257389758,167.184381176108,0.459000170497017,0.145854569485591,0.660828090880452,ok
jurgen_handke,m,7,170.3559964051,338.896155051,599.7378279295,2885.2435700832,168.781689361459,0.302741312084098,0.2478948008656,0.682221039412077,ok
jurgen_handke,m,8,174.5285519641,258.6864523483,789.626529313,2256.7707266152,170.148588089502,0.181945335277013,0.484648046121699,0.456065708768739,ok
jurgen_handke,m,9,193.131858009754,347.032395210876,1690.05586392033,2231.4250072709,175.991149267248,0.294879190390061,0.68753104248615,0.120681235618115,ok
jurgen_handke,m,10,144.1748008249,351.854139145643,1600.9729533551,2569.20312011889,159.65014152144,0.343193356496917,0.658021330710696,0.205414445700465,ok
jurgen_handke,m,11,148.769968815804,614.32370921278,1354.64083218652,2361.1472677252,161.32856784381,0.580685998330582,0.343426885358337,0.241298913251552,ok
jurgen_handke,m,12,122.59753359705,711.674242063431,1494.05639823303,2517.08651729712,151.251642276083,0.672581148622895,0.322085744207456,0.226531151665705,ok
jurgen_handke,m,13,131.407736202262,572.092866474494,815.394120033624,2974.29314962216,154.791282676471,0.567720033472444,0.153901042839073,0.562016195494904,ok
jurgen_handke,m,14,169.795113557467,538.761470684136,1006.91932075268,3000,168.596252509358,0.504548612690954,0.271598144411237,0.474126580546985,ok
jurgen_handke,m,15,181.783278873087,395.696864576929,927.246038639953,2835.1458613274,172.47421038986,0.36063844365215,0.369832377604552,0.485380420572358,ok
jurgen_handke,m,16,169.114909304375,356.126252235355,1345.12729038482,2410.09581499411,168.370817347443,0.325337169185062,0.577159394543321,0.25327092470049,ok
jurgen_handke,m,17,224.884283519023,430,1600,2300,185.150926441433,0.365942566105302,0.570651527076338,0.157607853361668,ok
jurgen_handke,m,24,198.200051435231,638.087326913637,1313.53369100491,2530.7079833043,177.517337476845,0.555639343727061,0.313561097381161,0.284800818557107,ok
jurgen_handke,m,25,220.351878180985,676.155563014511,1386.04189461421,2570.04117969855,183.898607198984,0.565468185492135,0.311729731986914,0.26816372458123,ok
jurgen_handke,m,28,154.289528815601,784.960107178866,1127.40358982917,2681.39544808447,163.299556556154,0.681862580423862,0.157231827522761,0.376281454441926,ok
alvin_leong,m,1,133.064199484673,269.775202235634,2556.43048382875,3136.52770206942,155.438977117463,0.23944209709641,0.976631960819444,0.088815140018239,ok
alvin_leong,m,2,133.854604665998,391.80498712286,2120.10331914008,2596.54283480864,155.746140400163,0.400652666587497,0.733287066299288,0.088038465539108,ok
alvin_leong,m,3,129.083537190149,618.616867931349,1800.64673906282,2336.83241961208,153.873254820452,0.604258617467137,0.464006761048271,0.113199050253021,ok
alvin_leong,m,4,128.200669884843,914.084799034353,1564.92677981399,2700,153.521646433654,0.774816867493437,0.233507535668008,0.23686974168013,ok
alvin_leong,m,5,125.598899537272,668.542422479743,898.223036644759,2976.35951942538,152.475991426613,0.641927504806325,0.12825521847381,0.520301200015754,ok
alvin_leong,m,6,127.60034177484,512.985002316938,743.926469896989,2868.4500380306,153.28163834368,0.524614534522927,0.161425343542157,0.586117278087248,ok
alvin_leong,m,7,126.588176942593,379.506877944892,758.474497657361,2484.73426658852,152.875269725474,0.394882414891461,0.300721331812418,0.515338966320411,ok
alvin_leong,m,9,132.376747607044,263.144916250863,1911.81909589612,2151.3871482516,155.170832452898,0.229384894192637,0.861251810960195,0.051271774777724,ok
alvin_leong,m,10,131.006338222974,370.304234193238,1841.15792643354,2435.86459522667,154.633513478692,0.379255054213905,0.696532364014509,0.121562101108893,ok
alvin_leong,m,11,131.97112307858,524.684515067448,1691.14360547306,2223.39215660248,155.012180489471,0.529532421780507,0.508282240674791,0.118835581482599,ok
alvin_leong,m,12,128.18041784636,902.653736922363,1434.44409786963,2604.49989545383,153.513561998457,0.769374435630838,0.201162443457343,0.259040716438289,ok
alvin_leong,m,13,104.329732889808,650,850,2820.84463842281,143.331689356309,0.65657113699859,0.116505569071437,0.520960241783253,ok
alvin_leong,m,14,105.015675130825,623.26702714959,889.451503806647,2652.93029842335,143.645126924295,0.637383254515586,0.154448121809471,0.474603566006556,ok
alvin_leong,m,15,122.759143189855,385.861501994696,947.268340830771,2642.08267803989,151.318073692744,0.406540646487119,0.390041572262813,0.445473381004778,ok
alvin_leong,m,16,128.568410589076,320,992.566041456622,2678.33326727269,153.668297417658,0.318565698827367,0.491609434330351,0.431105203017643,ok
australianlinguistics,m,1,170.754253468526,320,2172.12814369631,3113.32724187887,168.913112554317,0.277486613598273,0.831735464354998,0.156339329107161,ok
australianlinguistics,m,2,163.000930118608,447.24235290254,2056.37871972938,2733.46946262713,166.316836357403,0.429606708245368,0.662560177364151,0.12361112551078,ok
australianlinguistics,m,3,101.266738714847,493.325225088995,1798.19603629234,2483.40413509231,141.915052569873,0.541104860297657,0.561703713315469,0.140210363896056,ok
australianlinguistics,m,4,142.193839558709,720.282115637648,1647.75231922673,2580,158.915569373544,0.656336183267895,0.359389300061328,0.194727774377063,ok
australianlinguistics,m,5,132.215694427252,545.404092030869,827.378281272681,2888.3647815782,155.107878552766,0.546084534084316,0.180985724433059,0.542947924459535,ok
australianlinguistics,m,6,118.180380692751,407.577142961611,698.537458227362,2827.22873123098,149.412861299907,0.435821837968458,0.233979878928417,0.607171246037304,ok
australianlinguistics,m,7,152.608456192993,391.100824692338,625.063913830145,2800,162.704308762804,0.380889677576987,0.20363569522593,0.651233604390817,ok
australianlinguistics,m,8,175.059786099281,353.361270877098,654.011781423189,2556.7051738327,170.32104732835,0.31695062923255,0.267366623602448,0.592095078482658,ok
australianlinguistics,m,9,163.123067565033,307.627006984351,1650,2462.80189924323,166.358366676918,0.266979812326496,0.729459484120242,0.173945535621299,ok
australianlinguistics,m,11,118.860906893423,400.949570420057,1686.60423908218,2453.07257644213,149.699104016679,0.427870551507385,0.623923435034189,0.162697209863366,ok
australianlinguistics,m,16,143.018527027061,298.3100792955,979.489096073577,2676.57795201842,159.222200399663,0.272664306109165,0.516331678134982,0.436580290513673,ok
lukasz_stolarski,m,1,182.368840297264,313.867518240641,2205.51802388424,3185.38456833385,172.659203563134,0.259556640149333,0.846764237831056,0.159651260520235,ok
lukasz_stolarski,m,2,152.763849491126,452.753416611921,2157.7630515455,2953.49771321876,162.759514490214,0.444315350626107,0.67814201586991,0.136332886752505,ok
lukasz_stolarski,m,3,153.550832067727,594.672650735094,1585.67001905644,2855.12847956563,163.038528088425,0.56198771968822,0.425934849318981,0.255412841210971,ok
lukasz_stolarski,m,4,141.588009514661,700.300833651046,1451.65926720118,2877.30727854843,158.68955657779,0.644736296736076,0.316580047583052,0.297121553397096,ok
lukasz_stolarski,m,5,128.708454869441,693.04146041742,1044.6599786052,3022.44029732155,153.724072023057,0.654017336517611,0.178215740444294,0.461382773932077,ok
lukasz_stolarski,m,6,138.331964119365,557.423377943053,936.806696424432,2811.74455644291,157.463669864251,0.549004809828125,0.22546480770941,0.477325876544213,ok
lukasz_stolarski,m,7,140.633757789861,420,780,2778.20756061952,158.332249352381,0.423679908767797,0.26884531229258,0.551670086178486,ok
lukasz_stolarski,m,8,178.052649870696,366.337120075159,822.886830826275,2350,171.286184364954,0.330158591960698,0.351459185164664,0.455727750178732,ok
lukasz_stolarski,m,9,187.055544743846,294.953741450417,1661.56131490745,2105.2505499824,174.125769980831,0.228890859631788,0.750762462728078,0.102787417244595,ok
lukasz_stolarski,m,10,181.871777693747,347.10551747582,1779.52851376643,2109.22496335165,172.502194789727,0.303666892044696,0.709843434059724,0.073817951514762,ok
lukasz_stolarski,m,11,172.410316045684,513.444683629439,1502.73087170579,2269.86971981624,169.457425401743,0.481433057588838,0.466387547139061,0.179119722851313,ok
lukasz_stolarski,m,12,182.516996652471,513.473214715142,1258.3231293701,2550,172.705946991023,0.473210501183169,0.38927438589869,0.306748000944352,ok
lukasz_stolarski,m,13,155.37776057435,507.472019125925,864.393372163447,2950,163.682584475314,0.491409627478118,0.231299327003269,0.533110587757562,ok
lukasz_stolarski,m,14,168.588082938062,624.626108511699,1389.28926527462,2989.229716083,168.195799358624,0.569804987966793,0.347172546845609,0.332766610918054,ok
lukasz_stolarski,m,15,162.986866840784,494.557940150267,1363.13389134382,2784.0588838212,166.3120530981,0.473293453980665,0.440321336841806,0.310139900801863,ok
lukasz_stolarski,m,16,196.647616697667,379.644281312031,1373.1716788148,2487.47398428617,177.052644109446,0.331274445454733,0.558347975310431,0.258033709616698,ok
lukasz_stolarski,m,17,183.503799680075,357.727522940435,1465.79567990922,2501.34290857221,173.016640476371,0.315464480387106,0.612521082072282,0.232099795773551,ok
lukasz_stolarski,m,18,182.191992560258,341.707361273936,1615.82305853727,2178.50675374476,172.603374828562,0.296605051735429,0.674739466677924,0.129765109240152,ok
lukasz_stolarski,m,19,160.567729199213,377.891857839375,2050.47005047132,2597.15749498873,165.485117623418,0.358608591613024,0.73448589569678,0.102644856319092,ok
lukasz_stolarski,m,20,159.904831514628,378.714841418393,1737.48893875442,2322.12535527827,165.257070529269,0.36015227511867,0.661609723476809,0.125963612097083,ok
lukasz_stolarski,m,21,159.517724183619,410.824656540918,1035.23306421624,2458.93660554179,165.123607987722,0.395847331359064,0.401381633597447,0.375709197789886,ok
lukasz_stolarski,m,22,159.489885509737,440,1294.88555424434,2411.47977254576,165.114001762183,0.425668773240266,0.468778709416372,0.270052237515366,ok
lukasz_stolarski,m,23,159.883326451752,414.117560718014,1132.55564020858,2363.44505721912,165.249661907974,0.398983067601125,0.436935900017796,0.319485963519979,ok
lukasz_stolarski,m,24,152.330193541131,565.997692715942,1290.02116263462,2470,162.605358200105,0.541679808353365,0.357782174109267,0.282100118355726,ok
lukasz_stolarski,m,25,147.544641183822,639.510610804522,1334.17204429803,2742.46723026862,160.884424501999,0.599333753380749,0.319364081662102,0.312929610513705,ok
lukasz_stolarski,m,26,148.687746408951,572.56622389888,1272.50000769235,2450,161.298841262701,0.550194477572452,0.346832068542669,0.284508290730396,ok
lukasz_stolarski,m,27,150.064977118117,604.359458178143,1458.89639199247,2673.89842747486,161.795325450945,0.572329353239139,0.382729127060411,0.263120455601339,ok
lukasz_stolarski,m,28,149.690594431529,587.539405660601,1254.31519834456,2800,161.660664202622,0.560432640784349,0.329369684978903,0.348751346760743,ok
magda_zajac,f,1,237.552057471808,269.619989229558,2782.8454267284,3831.42939346094,188.564146588986,0.155292967108247,1.01373699708667,0.138871742581246,ok
magda_zajac,f,2,224.999578569228,627.85857413315,2255.96488887294,2950.57249490326,185.182562472141,0.530261740048464,0.555470506720354,0.116573953482589,ok
magda_zajac,f,3,202.354178519914,696.558168495113,1897.17762755352,2800,178.748983222564,0.590713809450903,0.435150605062358,0.169050036745129,ok
magda_zajac,f,4,209.646033982288,829.213583171388,1491.58642709104,2702.98164050811,180.870777224693,0.661298002758103,0.254982015215407,0.258194673064502,ok
magda_zajac,f,5,211.76355369809,789.745646133846,1217.3964222818,2952.20703968171,181.477697270681,0.638663980354372,0.187944780783074,0.384714790395053,ok
magda_zajac,f,6,219.987057327503,536.813222450922,964.511194684819,2728.21234309038,183.797061878415,0.465484639953839,0.254484068121158,0.451570896759515,ok
magda_zajac,f,7,220.807108550381,465,842.538019178691,2589.96890688483,184.025160309067,0.40257574816098,0.258136554453979,0.487705042973072,ok
magda_zajac,f,8,234.544466550617,342.611620952408,664.718284848571,2412.48480069215,187.764975512251,0.261187504651956,0.287835535767717,0.55982696048554,ok
magda_zajac,f,9,228.23081352567,446.032305151084,2546.44975203697,3000,186.064825757782,0.379702034274228,0.756568795999097,0.071186143863219,suspected
magda_zajac,f,10,224.547750812799,524.325884263905,1535.27393187927,2641.05522979451,185.058522697026,0.452292207031758,0.466584577948339,0.235591607378292,suspected
magda_zajac,f,11,222.535048346115,507.521056162041,2153.34460138883,2752.30826215397,184.503947002914,0.439448403834021,0.627659470785939,0.106583537977815,suspected
magda_zajac,f,13,219.871903616206,573.113431243337,829.031636761776,2881.02305687614,183.764986343146,0.49397781987373,0.16033051750469,0.540975629937375,ok
magda_zajac,f,15,223.550461572902,669.012999824858,1304.35524661435,2662.84797836191,184.784147833875,0.558769845323789,0.289961332649871,0.309950483905067,ok
magda_zajac,f,16,255.243610361722,450.830152609948,1787.44968289217,2289.21339533822,193.133590372955,0.368155140863026,0.598220870148714,0.107452453360575,ok
magda_zajac,f,17,258.682967577069,390,2171.02701286141,2635.2697795679,193.997201901889,0.303269141051597,0.745600620142184,0.084159854535586,ok
magda_zajac,f,18,256.698597902489,344.965552217298,1707.45657817546,2367.53063797353,193.499874047728,0.251095042526901,0.694573938886695,0.141945939793309,ok
magda_zajac,f,19,248.340890185543,472.45639522995,2500.37060904123,2926.88524833043,191.376643050659,0.392472799703764,0.723642653254361,0.068401310502398,ok
magda_zajac,f,20,250.106233848735,514.136676891819,1700,2944.51268220695,191.829042921561,0.428164226165888,0.519370335205133,0.238564507815921,ok
magda_zajac,f,21,250.125804918596,501.174792772109,920,2500,191.834046397645,0.417063531913801,0.263798607871165,0.434152181326482,ok
magda_zajac,f,22,234.628315733573,519.01225917638,1414.32275406855,2400,187.787348048891,0.441511287257462,0.435370912401626,0.229662713215325,ok
magda_zajac,f,23,232.626247775276,483.149999679586,1357.05963877318,2049.84837436404,187.251695896858,0.411656223889755,0.44851695045481,0.179122803788027,ok
magda_zajac,f,24,214.553744642078,602.641545149153,1502.32434077346,2190,182.27127047807,0.519340847206492,0.396704635834676,0.163680411065564,ok
magda_zajac,f,25,209.235676754824,626.710134453351,1422.95422416057,2055.0308448121,180.752689117376,0.539981950523106,0.356124211558026,0.159627415529376,ok
magda_zajac,f,26,210.217934889256,516.896687327357,972.896193929401,2486.03642583688,181.035095850227,0.455640972595861,0.274662755508391,0.407440983319317,ok
magda_zajac,f,27,210.914816692972,918.140651738938,1786.52217179985,2466.43029377735,181.234921666927,0.704667332274448,0.289099193716207,0.140060435522259,ok
magda_zajac,f,28,213.275462297707,811.391398959299,1407.35724832181,2294.53861454923,181.908566639118,0.649377247894526,0.239173954493857,0.212291016579544,ok
iza_grabarczyk,f,1,174.061698117086,325.233770021608,2759.37077257845,3235.68782014442,169.996740048867,0.281755040205828,0.928614426514982,0.069156554227836,ok
iza_grabarczyk,f,2,185.56753414096,367.747517828516,2555.78662372733,2928.24967328721,173.662821775101,0.325842896653709,0.841974842764544,0.059083510669524,ok
iza_grabarczyk,f,3,178.709071209728,628.992161571985,2158.848343862,2853.09111186164,171.496418093621,0.564390179633632,0.535576901462431,0.121093506015288,ok
iza_grabarczyk,f,4,169.934554164542,956.353526775877,1423.02425067456,2769.00018860206,168.642391904021,0.753651710467415,0.172593837471559,0.289110684086356,ok
iza_grabarczyk,f,5,180.533796498451,860.737783043034,1140.98908432796,2968.81788417591,172.078135947342,0.699145174354865,0.122410622383926,0.41530206793336,ok
iza_grabarczyk,f,6,173.634352072122,578.90258710778,927.575559971138,2775.59683656433,169.857504038945,0.532520752346232,0.204743806772939,0.476007086639137,ok
iza_grabarczyk,f,7,175.687244174205,403.291841780256,883.208709422832,2924.00993946664,170.524295773489,0.373833172052517,0.340443906312067,0.519915501533532,ok
iza_grabarczyk,f,8,184.491390113751,346.428268054978,838.326629458923,2652.23239678487,173.326468684993,0.300748433715929,0.383799939144515,0.500198313873313,ok
iza_grabarczyk,f,9,172.86967993405,367.789709339793,2506.54440083985,2717.06199402986,169.607790708721,0.336153776506252,0.833475828468831,0.035024145546061,ok
iza_grabarczyk,f,10,183.921815100191,351.148570290411,2252.6186113456,2559.09223450295,173.147916188839,0.307073635272735,0.80719676345791,0.055398270986474,ok
iza_grabarczyk,f,11,188.43526784853,559.063953641704,1857.4044640018,2601.63211432439,174.552839336292,0.50553457388268,0.521444993503785,0.146339399864051,ok
iza_grabarczyk,f,13,176.889292676557,532.815088121092,919.036344429883,2677.92376400216,170.912320068294,0.493803144981101,0.236756171862407,0.464465522777919,ok
iza_grabarczyk,f,14,184.643964108221,729.331172702252,1245.58529616879,3125.74792046688,173.374235728916,0.623940216732021,0.232448696495997,0.399580478068111,ok
iza_grabarczyk,f,15,178.10482596082,643.123999228843,1249.48569553853,2922.0688000742,171.302913818439,0.574529966031797,0.288436572268911,0.368959148610614,ok
iza_grabarczyk,f,16,176.885786727128,357.43145505071,1596.53131156833,2607.72750411765,170.911190898931,0.320422268756523,0.649984671368836,0.213084767146148,ok
iza_grabarczyk,f,17,174.56190441935,378.251519496459,2258.49993401428,2659.56736238334,170.159425880138,0.346924669746112,0.776039400880126,0.070990912538373,ok
iza_grabarczyk,f,18,192.138485842835,327.203594062214,1857.58231055354,2610.18924772838,175.688894101525,0.270073756275981,0.754130001307315,0.147723929628251,ok
iza_grabarczyk,f,19,175.999865908667,447.341573391827,2403.81052329968,2803.26946553851,170.625380729872,0.418595627455828,0.730260971161987,0.066764614440065,ok
iza_grabarczyk,f,20,170.936269646777,475.050320790346,1941.77408232176,2619.61250881889,168.973109110422,0.448922020515973,0.61145908438188,0.130038355467455,ok
iza_grabarczyk,f,21,176.141059026779,477.482519820411,1017.64126778521,2815.05952744445,170.670995708112,0.446797754900822,0.32863723323643,0.441892872565272,ok
iza_grabarczyk,f,23,171.713211402835,518.787902185433,1525.57385405624,2588.73869838613,169.22872847697,0.486515748723359,0.468443396925171,0.229654978938102,ok
iza_grabarczyk,f,24,177.732415683535,570,1520,2782.73158108688,171.183434589882,0.522413119947524,0.425968732272281,0.262627728890577,ok
iza_grabarczyk,f,25,171.250254175978,537.92371921761,1649.58761886026,2556.68526714577,169.07650532674,0.502637431754766,0.486654693820038,0.190301880521681,ok
iza_grabarczyk,f,26,184.139326543241,623.993038824256,1634.60059081631,2892.51109769611,173.216145934973,0.556591373478112,0.418231906772611,0.247863382328565,ok
iza_grabarczyk,f,27,171.675584883079,821.084390973672,1726.31940364788,2735.25772326794,169.216366870874,0.685945429783921,0.32273335582863,0.199877100993569,ok
iza_grabarczyk,f,28,166.671904426363,718.403434261613,1416.52245511189,2700.75137446755,167.556129765515,0.632208079357604,0.294855063700075,0.280261142315222,ok
ola_matysiak,f,1,211.978517249404,344.913610401368,2810.66248054326,3639.6040585554,181.539083184121,0.27874019428096,0.911098364218368,0.11224544432123,ok
ola_matysiak,f,2,202.632309368631,477,2400,3000,178.830841092636,0.426075959874904,0.701692862671492,0.096910013008057,ok
ola_matysiak,f,3,205.926179365648,582.113894898966,1619.87255821069,2754.650278974,179.794626737271,0.510231257440476,0.444472882321055,0.230585621918068,ok
ola_matysiak,f,4,214.050311119664,959.623925032029,1396.97382383667,2446.1167791018,182.128597085677,0.721722924831561,0.163087201363947,0.243288918194041,ok
ola_matysiak,f,5,214.011154358351,686.94495690353,1085,2756.15261634989,182.117490661091,0.576570281904631,0.198507798607905,0.404873523891207,ok
ola_matysiak,f,6,215.685967335118,641.660742429617,1140.97059305607,2816.91745484646,182.591329700827,0.545825318115386,0.249968981771962,0.392499669662593,ok
ola_matysiak,f,7,211.573281400459,419.378409182873,822.403892509223,2685.56729203433,181.423327629119,0.363912939545019,0.292479089244629,0.513950881718596,ok
ola_matysiak,f,9,223.490320065658,367.577583915024,1850,2750,184.767575596558,0.298723258512294,0.701822709581341,0.172160965427249,ok
ola_matysiak,f,10,204.206357951949,427.581787424371,2224.10389440897,2808.27335922296,179.292700135865,0.377456590717375,0.716135872119401,0.101284309481721,ok
ola_matysiak,f,11,206.296680047671,415.502383879645,1645.75488831723,2877.82178898974,179.902390469964,0.363536585710894,0.597791633909219,0.242698742728499,ok
ola_matysiak,f,12,202.481215872314,565.905569923964,1420.22955946434,2758.52669092512,178.786381424458,0.50040953400211,0.399614578948544,0.288318643009204,ok
ola_matysiak,f,13,201.474813950766,514.891058880661,875.45809256652,2557.83535491401,178.489679185729,0.460102241387703,0.23052001127138,0.465637224367854,ok
ola_matysiak,f,15,202.348443673964,562.854659496013,1393.17021198592,2715.60988874841,178.747294586705,0.498156788373976,0.39360791436258,0.289863201430309,ok
ola_matysiak,f,16,209.040606061815,396.828181767774,1407.25305307839,2708.53231118436,180.696499663034,0.341652767342618,0.549769692438147,0.284361821281386,ok
ola_matysiak,f,17,197.480987422168,375.616229860186,1395.51249261292,2510.85821534483,177.302401429899,0.326029731427854,0.569989379375442,0.255088460761119,ok
ola_matysiak,f,18,215.759721304074,409.543625505006,1469.38807391112,2207.05588705515,182.612139740414,0.350770525275435,0.554836340048152,0.176676819872563,ok
ola_matysiak,f,19,195.105121363641,520,2440.11985412249,2968.50966054421,176.58849732896,0.469040932667638,0.671407814960349,0.085127308011789,ok
ola_matysiak,f,20,205.576839240261,454.869245144932,2163.42683582126,2875.39841448854,179.692899298622,0.403355658107298,0.677255638450177,0.123555816401056,ok
ola_matysiak,f,21,201.361820765268,394.87804468605,957.400552254524,2199.62532867337,178.456305470993,0.344931089859842,0.384630686128305,0.361255038278366,ok
ola_matysiak,f,22,193.846750397206,573.587363320881,1370.05660894118,2572.71533408003,176.208030132972,0.512573878694257,0.378138937163573,0.273653223028444,ok
ola_matysiak,f,23,191.46947490019,520.066414310756,1299.88698130954,2595.53124788701,175.484745384299,0.471819438210131,0.397846786099275,0.30032066755663,ok
ola_matysiak,f,24,199.318968617602,726.052748229865,1404.71207190753,2753.02912859435,177.850762534555,0.610912442076153,0.28661914106823,0.292223491790842,ok
ola_matysiak,f,25,199.831013895256,735.346186001004,1421.8414785009,2697.54398544648,178.002930307562,0.616064692438915,0.286359335261658,0.278117355423902,ok
ola_matysiak,f,26,192.915952792355,776.452740395213,1370.90098401127,2655.33596690781,175.925543699737,0.644786125189853,0.246891061075984,0.287113389930141,ok
ola_matysiak,f,27,198.767746010637,1018.66202348528,1677.52647806176,2782.68534278777,177.686660619571,0.758375290163157,0.216639268171903,0.219794716675949,ok
ola_matysiak,f,28,203.341816551948,980,1423.95453100372,2992.58316437717,179.039320454487,0.738277654874096,0.162270046157884,0.322550106510686,ok
